Timestamp,PCI,EARFCN,NR-PCI,num_of_neis,RSRP,RSRQ,RSRP1,RSRQ1,RSRP2,RSRQ2,nr-RSRP,nr-RSRQ,nr-RSRP1,nr-RSRQ1,nr-RSRP2,nr-RSRQ2,eventA1,eventA2,E-UTRAN-eventA3,eventA5,eventA6,NR-eventA3,eventB1-NR-r15,reportCGI,reportStrongestCells,Conn_Rel,Conn_Req,LTE_HO,MN_HO,MN_HO_to_eNB,SN_setup,SN_Rel,SN_HO,RLF_II,RLF_III,SCG_RLF,Add_SCell,RLF_cause,dl-loss,ul-loss,dl-exc-lat,ul-exc-lat,dl-latency,ul-latency
2023-03-26 16:36:54,None,None,None,3,-88.5,-13.0625,-87.16666666666667,-13.520833333333334,-92.52083333333331,-17.166666666666668,-83.73433333333334,-16.517166666666665,-80.29433333333334,-14.472499999999998,-81.22783333333332,-15.7905,0.0,0.0,0.0,0,0,0.0,0.0,0.0,0.0,0,0,0,0.0,0.0,0.0,0,0.0,0.0,0,0,0.0,,0.0,0.0,0.0,0.0,0.010601798076923,0.0084106302083333
2023-03-26 16:36:55,178,3050,394,5,-89.09027777777777,-13.75,-87.390625,-13.234375,-91.6125,-14.9125,-82.77083333333333,-14.994666666666664,-78.555,-13.406,-85.92175,-18.037,0.0,0.0,0.0,0,0,0.0,0.0,0.0,0.0,0,0,0,0.491537,0.0,0.0,0,0.324224,0.0,0,0,0.491537,,0.0,0.0,0.0,0.0,0.0111260319999999,0.010405962
2023-03-26 16:36:56,178,3050,394,3,-87.33333333333333,-13.395833333333334,-89.66666666666667,-14.041666666666666,-91.95833333333331,-18.4375,-81.22885714285714,-13.910857142857145,-81.66499999999999,-15.486714285714289,-82.8374,-15.8844,0.0,0.0,0.0,0,0,0.0,0.0,0.0,0.0,0,0,0,0.0,0.0,0.0,0,0.0,0.0,0,0,0.0,,0.0,0.002004008016032,0.05,0.0,0.033489676,0.0169375502008032
2023-03-26 16:36:57,178,3050,394,3,-89.5,-14.625,-87.5625,-12.125,-93.875,-19.75,-80.04416666666667,-13.145833333333334,-84.60933333333334,-15.8555,-85.16720000000001,-18.2454,0.0,0.0,0.0,0,0,0.0,0.0,0.0,0.0,0,0,0,0.0,0.0,0.0,0,0.0,0.0,0,0,0.0,,0.0,0.0,0.0,0.0,0.01475517,0.008616894
2023-03-26 16:36:58,178,3050,394,3,-89.75,-15.0,-89.25,-14.25,-94.71875,-20.71875,-84.9075,-15.1225,-84.2525,-15.018333333333336,-86.52733333333333,-16.011666666666667,0.0,0.0,0.0,0,0,0.0,0.0,0.0,0.0,0,0,0,0.0,0.0,0.0,0,0.0,0.0,0,0,0.0,,0.0,0.0,0.008,0.0,0.021714702,0.0133747279999999
2023-03-26 16:36:59,178,3050,394,2,-89.75,-15.375,-88.79166666666667,-15.145833333333334,-94.75,-19.729166666666668,-82.406,-14.2175,-84.242,-15.657666666666666,-84.66933333333333,-15.824166666666663,0.0,0.0,0.0,0,0,0.0,0.0,0.0,0.0,0,0,0,0.0,0.0,0.0,0,0.0,0.0,0,0,0.0,,0.0,0.0,0.0,0.0,0.0112981839999999,0.007862598
2023-03-26 16:37:00,178,3050,394,2,-89.6875,-14.3125,-88.1875,-12.90625,-97.21875,-17.34375,-81.29228571428573,-13.265714285714283,-85.021,-17.013333333333335,-86.0267142857143,-17.432,0.0,0.0,0.0,0,0,0.0,0.0,0.0,0.0,0,0,0,0.0,0.0,0.0,0,0.0,0.0,0,0,0.0,,0.0,0.0,0.0,0.0,0.0093543259999999,0.0081084279999999
2023-03-26 16:37:01,178,3050,394,2,-85.75,-13.78125,-88.625,-14.59375,-90.65625,-17.75,-81.11316666666666,-13.5065,-80.7395,-14.942833333333333,-85.58466666666668,-17.671833333333336,0.0,0.0,0.0,0,0,0.0,0.0,0.0,0.0,0,0,0,0.0,0.0,0.0,0,0.0,0.0,0,0,0.0,,0.0,0.0,0.0,0.0,0.012108934,0.009019938
2023-03-26 16:37:02,178,3050,394,3,-89.3125,-15.125,-87.375,-12.3125,-94.4375,-18.8125,-80.776,-14.031166666666666,-82.59916666666668,-15.410333333333332,-86.0406,-17.8748,0.0,0.0,0.0,0,0,0.0,0.0,0.0,0.0,0,0,0,0.0,0.0,0.0,0,0.0,0.0,0,0,0.0,,0.0,0.0,0.0,0.0,0.0132831259999999,0.007965058
2023-03-26 16:37:03,394,3050,394,4,-89.703125,-15.3125,-87.28125,-12.59375,-91.46875,-17.40625,-81.01016666666668,-13.536666666666669,-89.36583333333333,-16.970166666666668,-89.7406,-18.0844,0.0,0.0,0.25691,0,0,0.0,0.0,0.0,0.0,0,0,0,0.325338,0.0,0.0,0,0.0,0.0,0,0,0.325338,,0.0,0.0,0.0,0.0,0.02570965,0.00975009
2023-03-26 16:37:04,394,3050,394,3,-90.625,-13.875,-93.04166666666669,-17.125,-93.14583333333331,-17.916666666666668,-82.18285714285715,-13.949714285714288,-86.48342857142858,-16.59714285714286,-87.64066666666666,-19.06,0.0,0.0,0.0,0,0,0.0,0.0,0.0,0.0,0,0,0,0.0,0.0,0.0,0,0.0,0.0,0,0,0.0,,0.0,0.002,0.06,0.0,0.0287238319999999,0.0125929158316633
2023-03-26 16:37:05,394,3050,394,3,-93.03125,-13.65625,-93.53125,-16.75,-95.875,-17.375,-83.34766666666668,-14.108,-87.117,-16.977,-87.37249999999999,-17.579333333333334,0.0,0.0,0.0,0,0,0.0,0.0,0.0,0.0,0,0,0,0.0,0.0,0.0,0,0.0,0.0,0,0,0.0,,0.0,0.0,0.0,0.0,0.0122899879999999,0.0078836319999999
2023-03-26 16:37:06,394,3050,394,3,-92.28125,-12.78125,-97.21875,-16.53125,-98.0,-18.25,-83.444,-14.125166666666663,-85.40616666666666,-15.815000000000005,-88.35433333333333,-17.695333333333334,0.0,0.0,0.0,0,0,0.0,0.0,0.0,0.0,0,0,0,0.0,0.0,0.0,0,0.0,0.0,0,0,0.0,,0.0,0.0,0.0,0.0,0.0117053799999999,0.0081504339999999
2023-03-26 16:37:07,394,3050,394,2,-92.65625,-12.90625,-96.75,-17.171875,-98.078125,-18.703125,-82.29033333333335,-12.973833333333332,-84.47399999999999,-14.817833333333333,-95.914,-22.271,0.0,0.0,0.0,0,0,0.0,0.0,0.0,0.0,0,0,0,0.0,0.0,0.0,0,0.0,0.0,0,0,0.0,,0.0,0.0,0.0,0.0,0.010166654,0.007541686
2023-03-26 16:37:08,394,3050,394,2,-94.578125,-12.140625,-98.6875,-16.796875,-100.671875,-17.921875,-83.36385714285714,-13.436142857142856,-83.43528571428571,-13.75985714285714,-111.91933333333334,-26.1655,0.0,0.0,0.0,0,0,0.0,0.0,0.0,0.765831,0,0,0,0.0,0.0,0.0,0,0.0,0.0,0,0,0.0,,0.0,0.0,0.0,0.0,0.0112150799999999,0.008738772
2023-03-26 16:37:09,394,3050,394,2,-92.25,-13.125,-99.0625,-16.5625,-99.8125,-17.5,-84.98816666666666,-13.726666666666668,-84.94383333333333,-13.784,-90.219,-15.25,0.0,0.0,0.0,0,0,0.0,0.0,0.0,0.0,0,0,0,0.0,0.0,0.0,0,0.0,0.0,0,0,0.0,,0.002,0.0,0.0,0.0,0.0135867294589178,0.008040546
2023-03-26 16:37:10,394,3050,394,2,-95.375,-13.9375,-97.5,-17.5,-98.5625,-17.4375,-86.47033333333336,-14.078,-89.24849999999999,-15.4715,-91.0325,-16.939999999999998,0.0,0.0,0.0,0,0,0.0,0.0,0.0,0.0,0,0,0,0.0,0.0,0.0,0,0.0,0.0,0,0,0.0,,0.0,0.0,0.0,0.0,0.011928254,0.0077426079999999
2023-03-26 16:37:11,394,3050,394,2,-95.65625,-13.84375,-97.671875,-18.59375,-98.671875,-18.953125,-85.21483333333335,-13.4425,-84.82916666666667,-14.734333333333332,-99.74983333333334,-21.741,0.0,0.0,0.0,0,0,0.0,0.0,0.0,0.0,0,0,0,0.0,0.0,0.0,0,0.0,0.0,0,0,0.0,,0.0,0.0,0.0,0.0,0.01115695,0.008106104
2023-03-26 16:37:12,394,3050,394,2,-92.59375,-12.28125,-97.625,-16.46875,-98.59375,-17.71875,-83.54166666666667,-13.652333333333331,-83.96766666666667,-14.039,-90.46099999999998,-19.064,0.0,0.0,0.0,0,0,0.0,0.0,0.0,0.0,0,0,0,0.0,0.0,0.0,0,0.0,0.0,0,0,0.0,,0.0,0.0,0.0,0.0,0.011303194,0.0082498179999999
2023-03-26 16:37:13,394,3050,394,2,-92.6875,-12.5625,-96.0,-18.125,-96.25,-15.9375,-81.30685714285714,-13.58942857142857,-81.80257142857144,-13.584857142857144,0.0,0.0,0.0,0.0,0.0,0,0,0.0,0.0,0.0,0.0,0,0,0,0.0,0.0,0.0,0,0.0,0.0,0,0,0.0,,0.0,0.0,0.0,0.0,0.011012326,0.008219966
2023-03-26 16:37:14,394,3050,394,2,-91.515625,-11.734375,-95.671875,-16.65625,-98.828125,-14.796875,-80.85133333333333,-13.522,-82.04050000000001,-14.058833333333334,0.0,0.0,0.0,0.0,0.0,0,0,0.0,0.0,0.0,0.0,0,0,0,0.0,0.0,0.0,0,0.0,0.0,0,0,0.0,,0.0,0.0,0.0,0.0,0.0108812399999999,0.007842666
2023-03-26 16:37:15,394,3050,394,2,-91.60416666666669,-10.729166666666666,-96.04166666666669,-17.104166666666668,-98.64583333333331,-13.791666666666666,-80.25383333333333,-13.318999999999996,-81.33466666666666,-14.492166666666668,-103.793,-22.67975,0.0,0.0,0.0,0,0,0.0,0.0,0.0,0.0,0,0,0,0.0,0.0,0.0,0,0.0,0.0,0,0,0.0,,0.0,0.0,0.0,0.0,0.0108774639999999,0.0075051539999999
2023-03-26 16:37:16,394,3050,394,2,-90.90625,-10.5,-96.5625,-16.8125,-99.53125,-16.1875,-83.11716666666666,-13.734166666666663,-83.17316666666666,-14.185,-110.738,-27.1875,0.0,0.0,0.0,0,0,0.0,0.0,0.0,0.0,0,0,0,0.0,0.0,0.0,0,0.0,0.0,0,0,0.0,,0.0,0.0,0.0,0.0,0.0094944439999999,0.01395992
2023-03-26 16:37:17,394,3050,394,2,-91.9375,-11.875,-96.6875,-16.1875,-101.0625,-17.625,-87.42085714285714,-14.17314285714286,-89.03685714285713,-14.975571428571428,-91.14157142857142,-16.131857142857143,0.0,0.0,0.0,0,0,0.0,0.0,0.0,0.0,0,0,0,0.0,0.0,0.0,0,0.0,0.0,0,0,0.0,,0.0,0.0,0.0,0.0,0.009770896,0.010438242
2023-03-26 16:37:18,394,3050,394,2,-96.90625,-13.671875,-101.140625,-16.734375,-101.71875,-17.921875,-93.94283333333334,-16.66433333333333,-90.827,-15.240833333333333,-91.362,-16.064999999999998,0.0,0.0,0.0,0,0,0.0,0.0,0.0,0.0,0,0,0,0.0,0.0,0.0,0,0.0,0.0,0,0,0.0,,0.0,0.0,0.0,0.0,0.0099312039999999,0.0077724159999999
2023-03-26 16:37:19,394,3050,394,2,-99.0,-12.21875,-103.71875,-17.875,-103.84375,-18.28125,-90.32033333333334,-14.7045,-96.3555,-19.152,-96.45433333333334,-17.323,0.0,0.0,0.0,0,0,0.0,0.0,0.0,0.0,0,0,0,0.0,0.0,0.0,0,0.0,0.0,0,0,0.0,,0.0,0.0,0.0,0.0,0.00993157,0.008653422
2023-03-26 16:37:20,394,3050,394,2,-100.0,-13.3125,-101.5,-17.125,-105.5625,-17.1875,-93.2475,-15.079666666666666,-90.85433333333332,-14.860833333333332,-94.85949999999998,-16.630000000000006,0.0,0.0,0.0,0,0,0.0,0.0,0.0,0.0,0,0,0,0.0,0.0,0.0,0,0.0,0.0,0,0,0.0,,0.0,0.0,0.0,0.0,0.01017961,0.0090633259999999
2023-03-26 16:37:21,394,3050,394,2,-99.5,-13.4375,-99.46875,-16.625,-101.75,-18.21875,-94.29014285714284,-15.704142857142855,-93.817,-14.964285714285714,-96.02114285714283,-16.983142857142855,0.0,0.0,0.0,0,0,0.0,0.0,0.0,0.0,0,0,0,0.0,0.0,0.0,0,0.0,0.0,0,0,0.0,,0.0,0.0,0.0,0.0,0.0114168119999999,0.0096099099999999
2023-03-26 16:37:22,394,3050,394,2,-98.72916666666669,-13.729166666666666,-98.4375,-15.666666666666666,-103.04166666666669,-18.20833333333333,-95.15116666666668,-16.703166666666668,-92.776,-14.6575,-95.65233333333332,-17.3045,0.0,0.0,0.0,0,0,0.0,0.0,0.0,0.0,0,0,0,0.0,0.0,0.0,0,0.0,0.0,0,0,0.0,,0.0,0.0,0.0,0.0,0.0137160881763527,0.0093342979999999
2023-03-26 16:37:23,394,3050,394,3,-97.9375,-13.3125,-101.96875,-16.40625,-103.5625,-17.75,-93.112,-15.632833333333336,-93.42716666666666,-14.902333333333331,-99.28783333333332,-18.905166666666663,0.0,0.0,0.0,0,0,0.0,0.0,0.0,0.0,0,0,0,0.0,0.0,0.0,0,0.0,0.0,0,0,0.0,,0.0,0.0,0.0,0.0,0.012146846,0.009284686
2023-03-26 16:37:24,394,3050,394,4,-98.0625,-14.5625,-99.9375,-17.125,-100.75,-19.0,-89.77066666666666,-13.884166666666667,-92.17983333333332,-15.544166666666667,-96.36333333333332,-19.968833333333333,0.0,0.0,0.0,0,0,0.0,0.0,0.0,0.0,0,0,0,0.0,0.0,0.0,0,0.0,0.0,0,0,0.0,,0.0,0.0,0.0,0.0,0.0150688479999999,0.008518192
2023-03-26 16:37:25,394,3050,394,4,-99.4375,-15.03125,-103.59375,-18.65625,-104.59375,-19.0625,-92.05466666666666,-14.6055,-93.57916666666668,-15.746,-95.1445,-17.962333333333333,0.0,0.0,0.0,0,0,0.0,0.0,0.0,0.0,0,0,0,0.0,0.0,0.0,0,0.0,0.0,0,0,0.0,,0.0,0.0,0.0,0.0,0.01180386,0.0093272379999999
2023-03-26 16:37:26,394,3050,394,4,-98.3125,-14.770833333333334,-101.75,-17.770833333333332,-102.60416666666669,-17.020833333333332,-92.29342857142858,-14.848142857142856,-93.529,-15.856,-94.53,-16.978857142857144,0.0,0.0,0.0,0,0,0.0,0.0,0.0,0.0,0,0,0,0.0,0.0,0.0,0,0.0,0.0,0,0,0.0,,0.0,0.0,0.0,0.0,0.013821926,0.009682962
2023-03-26 16:37:27,394,3050,394,4,-95.90625,-12.65625,-101.15625,-16.46875,-104.5,-16.75,-91.39966666666668,-14.489333333333333,-92.168,-15.410000000000002,-97.1438,-18.3126,0.0,0.0,0.0,0,0,0.0,0.0,0.0,0.0,0,0,0,0.0,0.0,0.0,0,0.0,0.0,0,0,0.0,,0.0,0.0,0.0,0.0,0.0155908639999999,0.009768644
2023-03-26 16:37:28,394,3050,394,4,-97.9375,-12.4375,-100.90625,-16.875,-101.9375,-19.625,-91.7305,-14.936333333333335,-91.36716666666666,-14.721333333333332,-94.55083333333332,-17.173333333333336,0.0,0.0,0.0,0,0,0.0,0.0,0.0,0.0,0,0,0,0.0,0.0,0.0,0,0.0,0.0,0,0,0.0,,0.0,0.0,0.0,0.0,0.013723118,0.00918137
2023-03-26 16:37:29,178,3050,394,3,-103.02083333333331,-14.5625,-100.46875,-16.46875,-103.0,-13.75,-93.11942857142856,-15.135999999999996,-92.79585714285716,-15.501142857142854,-95.172,-17.74557142857143,0.0,0.0,0.871915,0,0,0.0,0.0,0.0,0.0,0,0,0,0.938276,0.0,0.0,0,0.0,0.0,0,0,0.938276,,0.0,0.0,0.0,0.0,0.0157000799999999,0.009462734
2023-03-26 16:37:30,178,3050,394,4,-104.3515625,-16.625,-101.8984375,-14.046875,-104.1875,-16.5390625,-93.2005,-15.211,-93.41133333333332,-15.591166666666666,-97.41033333333333,-18.022333333333336,0.0,0.0,0.0,0,0,0.0,0.0,0.0,0.0,0,0,0,0.0,0.0,0.0,0,0.0,0.0,0,0,0.0,,0.0,0.0,0.0,0.0,0.0167238139999999,0.0098403439999999
2023-03-26 16:37:31,394,3050,394,5,-102.86458333333331,-15.416666666666666,-100.46875,-13.84375,-101.953125,-17.40625,-93.27333333333333,-15.03116666666667,-93.61983333333336,-15.399833333333332,-95.344,-18.0502,0.0,0.0,0.705098,0,0,0.0,0.0,0.0,0.0,0,0,0,0.762534,0.0,0.0,0,0.0,0.0,0,0,0.762534,,0.0,0.002,0.0,0.0,0.021044448,0.0138166973947895
2023-03-26 16:37:32,394,3050,394,4,-102.04166666666669,-14.989583333333334,-102.59375,-18.28125,-102.77083333333331,-17.302083333333332,-92.2825,-15.397166666666664,-93.0938,-16.4906,-93.86316666666666,-16.4545,0.0,0.0,0.0,0,0,0.0,0.0,0.0,0.0,0,0,0,0.0,0.0,0.0,0,0.0,0.0,0,0,0.0,,0.0,0.0,0.0,0.0,0.017148684,0.0098206359999999
2023-03-26 16:37:33,394,3050,394,4,-101.25,-15.375,-101.875,-17.1875,-103.4375,-18.0625,-93.41533333333332,-15.977666666666666,-93.42733333333332,-16.464833333333335,-93.7865,-16.390666666666664,0.0,0.0,0.0,0,0,0.0,0.0,0.0,0.0,0,0,0,0.0,0.0,0.0,0,0.0,0.0,0,0,0.0,,0.0,0.002,0.0,0.0,0.018468724,0.0134454689378757
2023-03-26 16:37:34,394,3050,394,4,-103.15625,-17.78125,-102.375,-15.34375,-103.59375,-15.75,-95.4245,-17.185,-92.21616666666668,-15.368333333333334,-94.24216666666666,-18.392,0.0,0.0,0.0,0,0,0.0,0.0,0.0,0.0,0,0,0,0.0,0.0,0.0,0,0.0,0.0,0,0,0.0,,0.0,0.0,0.0,0.0,0.010451146,0.0091944259999999
2023-03-26 16:37:35,122,3050,122,4,-101.61607142857144,-15.339285714285714,-100.625,-13.375,-103.24107142857144,-16.303571428571427,-103.9936,-20.2812,-91.1674,-13.9344,-95.42199999999998,-16.05333333333333,0.822953,0.531941,0.531881,0,0,0.507752,0.823034,0.0,0.0,0,0,0,0.0,0.602583,0.890485,0,0.0,0.0,0,0,0.602583,,0.0,0.0,0.0,0.0,0.0130903519999999,0.0095367219999999
2023-03-26 16:37:36,122,3050,122,3,-94.25,-12.3625,-99.425,-16.95,-102.2625,-20.8125,-84.39983333333333,-11.041333333333334,-92.12766666666666,-15.996166666666667,-121.78725,-34.89625,0.0,0.0,0.0,0,0,0.0,0.0,0.0,0.0,0,0,0,0.0,0.0,0.0,0,0.0,0.0,0,0,0.0,,0.0,0.002,0.0,0.142,0.019893812,0.0283109058116232
2023-03-26 16:37:37,122,3050,122,3,-89.5625,-10.78125,-95.8125,-17.0625,-98.09375,-19.78125,-81.78249999999998,-11.1745,-89.21466666666667,-15.905,0.0,0.0,0.0,0.0,0.0,0,0,0.0,0.0,0.0,0.0,0,0,0,0.0,0.0,0.0,0,0.0,0.0,0,0,0.0,,0.0,0.002,0.03,0.0,0.01843531,0.0184542645290581
2023-03-26 16:37:38,122,3050,122,3,-87.41666666666667,-11.166666666666666,-93.29166666666669,-14.979166666666666,-99.5625,-18.84375,-78.80357142857143,-11.056857142857142,-94.3772857142857,-18.698571428571427,0.0,0.0,0.0,0.0,0.0,0,0,0.0,0.0,0.0,0.875869,0,0,0,0.0,0.0,0.0,0,0.0,0.0,0,0,0.0,,0.0,0.0,0.0,0.0,0.009410006,0.0099785619999999
2023-03-26 16:37:39,122,3050,122,1,-81.0625,-9.25,-85.8125,-16.3125,0.0,0.0,-74.38533333333332,-10.750000000000002,-94.41933333333334,-23.151,0.0,0.0,0.0,0.0,0.0,0,0,0.0,0.0,0.0,0.0,0,0,0,0.0,0.0,0.0,0,0.0,0.0,0,0,0.0,,0.0,0.0,0.0,0.0,0.009502398,0.0103483667334669
2023-03-26 16:37:40,122,3050,122,1,-77.125,-9.6875,-86.90625,-17.03125,0.0,0.0,-72.0065,-10.6005,-92.93366666666668,-21.77733333333333,0.0,0.0,0.0,0.0,0.0,0,0,0.0,0.0,0.0,0.0,0,0,0,0.0,0.0,0.0,0,0.0,0.0,0,0,0.0,,0.0,0.0,0.0,0.0,0.0095000639999999,0.0104010119999999
2023-03-26 16:37:41,122,3050,122,1,-70.1875,-10.6875,-79.0,-17.75,0.0,0.0,-73.3425,-10.599166666666669,-91.09,-21.864500000000003,0.0,0.0,0.0,0.0,0.0,0,0,0.0,0.0,0.0,0.0,0,0,0,0.0,0.0,0.0,0,0.0,0.0,0,0,0.0,,0.0,0.0,0.0,0.0,0.009666762,0.0101596279999999
2023-03-26 16:37:42,122,3050,122,2,-71.640625,-8.8125,-84.5,-20.90625,-85.59375,-19.3125,-71.85566666666666,-10.600333333333332,-88.616,-22.716166666666663,0.0,0.0,0.0,0.0,0.0,0,0,0.0,0.0,0.0,0.0,0,0,0,0.0,0.0,0.0,0,0.0,0.0,0,0,0.0,,0.0,0.0,0.0,0.0,0.00997293,0.0083312959999999
2023-03-26 16:37:43,122,3050,122,2,-77.25,-9.6875,-82.1875,-17.5625,-88.25,-20.25,-73.39957142857143,-10.826,-82.3435,-20.074,-91.74466666666666,-24.158666666666665,0.0,0.0,0.0,0,0,0.0,0.0,0.0,0.0,0,0,0,0.0,0.0,0.0,0,0.0,0.0,0,0,0.0,,0.0,0.0,0.0,0.0,0.00947072,0.008834582
2023-03-26 16:37:44,122,3050,122,2,-80.59375,-10.53125,-87.5625,-14.3125,-89.8125,-17.5625,-79.42450000000001,-12.309833333333335,-83.07816666666668,-16.977666666666664,-84.0,-14.0,0.0,0.0,0.0,0,0,0.0,0.0,0.0,0.0,0,0,0,0.0,0.0,0.0,0,0.0,0.0,0,0,0.0,,0.0,0.0,0.0,0.0,0.009437022,0.0088136219999999
2023-03-26 16:37:45,178,3050,122,3,-89.9,-16.3625,-87.125,-13.390625,-88.85,-16.875,-91.10016666666668,-18.020666666666667,-81.93900000000001,-13.496,-86.21733333333333,-16.160166666666665,0.0,0.0,0.590026,0,0,0.0,0.0,0.0,0.0,0,0,0,0.781987,0.0,0.0,0,0.0,0.0,0,0,0.781987,,0.0,0.0,0.0,0.0,0.010541728,0.01170086
2023-03-26 16:37:46,178,3050,3,2,-87.38125,-12.80625,-89.59375,-16.05625,-94.06875,-18.6125,-96.59516666666669,-19.41283333333333,-79.43233333333332,-12.156,-84.82966666666667,-16.940166666666666,0.0,0.0,0.0,0,0,0.507757,0.0,0.0,0.0,0,0,0,0.0,0.0,0.0,0,0.569189,0.0,0,0,0.0,,0.0,0.0,0.036,0.0,0.0152115799999999,0.00940722
2023-03-26 16:37:47,178,3050,3,2,-89.84375,-18.15625,-84.9375,-11.9375,-92.3125,-20.09375,-78.55733333333335,-12.073,-82.78366666666666,-16.040333333333333,-115.71750000000002,-28.63683333333333,0.0,0.0,0.925834,0,0,0.0,0.0,0.0,0.0,0,0,0,0.0,0.0,0.0,0,0.0,0.0,0,0,0.0,,0.002,0.002,0.032,0.0,0.0214112645290581,0.0165906392785571
2023-03-26 16:37:48,178,3050,3,3,-93.70192307692308,-26.39903846153846,-73.35096153846153,-11.451923076923077,-82.96153846153847,-19.221153846153847,-76.798,-13.243666666666668,-75.28616666666666,-13.272166666666664,-130.586,-33.808499999999995,0.0,0.0,0.0,0,0,0.0,0.0,0.988335,0.0,0,0,0,0.0,0.0,0.0,0,0.0,0.0,0,0,0.0,,0.0,0.0,0.0,0.0,0.010068854,0.0085029839999999
2023-03-26 16:37:49,130,1750,130,1,-60.895833333333336,-15.291666666666666,-71.1875,-22.479166666666668,0.0,0.0,-75.2695,-13.0705,-72.047,-11.8865,-80.0,-18.008,0.642875,0.0,0.0,0,0,0.0,0.802958,0.0,0.0,0,0,0,0.0,0.0,0.850779,0,0.0,0.365302,0,0,0.486459,otherFailure,0.0,0.0,0.0,0.0,0.010759324,0.0097624179999999
2023-03-26 16:37:50,130,1750,130,1,-60.6875,-14.125,-73.4375,-22.9375,0.0,0.0,-74.57033333333334,-14.0195,-73.28783333333334,-13.048,-81.49466666666666,-18.802333333333333,0.0,0.0,0.0,0,0,0.0,0.0,0.0,0.0,0,0,0,0.0,0.0,0.0,0,0.0,0.0,0,0,0.0,,0.434,0.002,0.0,0.564,0.0135129328621908,0.2136761503006013
2023-03-26 16:37:51,130,1750,130,1,-58.5625,-14.375,-70.3125,-22.8125,0.0,0.0,-71.42566666666667,-13.447833333333335,-70.75150000000001,-13.673166666666669,0.0,0.0,0.0,0.0,0.0,0,0,0.0,0.0,0.0,0.0,0,0,0,0.0,0.0,0.0,0,0.0,0.0,0,0,0.0,,0.0,0.016,0.03,0.0,0.0194157199999999,0.0141405142276422
2023-03-26 16:37:52,130,1750,130,1,-66.3125,-14.125,-84.0625,-18.25,0.0,0.0,-86.80066666666666,-17.131666666666664,-71.0195,-13.097499999999998,0.0,0.0,0.0,0.0,0.0,0,0,0.0,0.0,0.0,0.0,0,0,0,0.0,0.0,0.0,0,0.0,0.0,0,0,0.0,,0.0,0.0,0.0,0.0,0.0107743099999999,0.0091126859999999
2023-03-26 16:37:53,130,1750,3,2,-79.5875,-14.2625,-79.85,-16.2,-87.890625,-24.0,-88.29485714285714,-16.78685714285714,-69.219,-11.176,-119.6995,-28.628750000000004,0.0,0.0,0.0,0,0,0.147741,0.0,0.0,0.0,0,0,0,0.0,0.0,0.0,0,0.209223,0.0,0,0,0.0,,0.0,0.0,0.0,0.0,0.011483868,0.009717684
2023-03-26 16:37:54,130,1750,3,2,-80.875,-15.375,-87.8125,-21.0,-88.125,-19.625,-74.25442857142858,-11.08914285714286,-85.0,-16.008,-94.039,-21.2548,0.0,0.0,0.0,0,0,0.0,0.0,0.0,0.0,0,0,0,0.0,0.0,0.0,0,0.0,0.0,0,0,0.0,,0.0,0.0,0.0,0.0,0.0120117,0.0109989579999999
2023-03-26 16:37:55,130,1750,3,3,-82.75,-16.9375,-88.1875,-20.375,-89.5625,-20.5625,-83.12116666666667,-12.809833333333332,-90.397,-18.3085,-93.29816666666666,-19.859333333333336,0.0,0.0,0.0,0,0,0.0,0.0,0.0,0.0,0,0,0,0.0,0.0,0.0,0,0.0,0.0,0,0,0.0,,0.0,0.0,0.0,0.0,0.01032701,0.00929154
2023-03-26 16:37:56,130,1750,3,0,-82.75,-16.9375,0.0,0.0,0.0,0.0,-85.71499999999999,-13.7815,-89.06766666666665,-17.726666666666663,-90.09783333333333,-18.111833333333333,0.0,0.0,0.0,0,0,0.0,0.0,0.0,0.0,0,0,0,0.0,0.0,0.0,0,0.0,0.0,0,0,0.0,,0.0,0.0,0.0,0.0,0.010278458,0.010234954
2023-03-26 16:37:57,130,1750,3,3,-82.9375,-17.4375,-85.5625,-18.8125,-88.6875,-21.0625,-88.01800000000001,-15.779833333333334,-89.23440000000001,-17.7986,-89.6828,-18.6078,0.0,0.0,0.0,0,0,0.0,0.0,0.0,0.0,0,0,0,0.0,0.0,0.0,0,0.0,0.0,0,0,0.0,,0.0,0.0,0.0,0.0,0.0102961879999999,0.010787548
2023-03-26 16:37:58,130,1750,3,4,-75.875,-17.8125,-80.1875,-17.625,-81.9375,-19.625,-89.88728571428571,-19.23328571428572,-82.15919999999998,-16.985799999999998,-83.9858,-17.147,0.0,0.0,0.0,0,0,0.0,0.0,0.0,0.0,0,0,0,0.0,0.0,0.0,0,0.0,0.0,0,0,0.0,,0.0,0.0,0.0,0.0,0.0109938319999999,0.008911056
2023-03-26 16:37:59,130,1750,130,7,-58.8125,-14.770833333333334,-69.08333333333333,-20.354166666666668,-69.33333333333333,-20.58333333333333,-84.44516666666668,-17.333499999999997,-74.914,-14.406,-80.53383333333333,-17.652333333333335,0.0,0.0,0.0,0,0,0.207745,0.0,0.0,0.0,0,0,0,0.0,0.0,0.0,0,0.267028,0.0,0,0,0.0,,0.0,0.0,0.0,0.0,0.009758808,0.007416602
2023-03-26 16:38:00,130,1750,11,6,-62.333333333333336,-14.395833333333334,-71.41666666666667,-19.1875,-72.33333333333333,-20.33333333333333,-71.81357142857144,-14.715571428571428,-68.66166666666668,-12.966333333333331,-78.00575,-18.4845,0.0,0.0,0.0,0,0,0.387732,0.0,0.0,0.0,0,0,0,0.0,0.0,0.0,0,0.44432,0.0,0,0,0.0,,0.0,0.0,0.0,0.0,0.0125376499999999,0.0100199839999999
2023-03-26 16:38:01,130,1750,11,6,-78.1875,-15.46875,-79.3125,-10.875,-85.8125,-17.84375,-69.29700000000001,-12.113333333333337,-83.95700000000001,-18.267,0.0,0.0,0.0,0.0,0.0,0,0,0.0,0.0,0.0,0.0,0,0,0,0.0,0.0,0.0,0,0.0,0.0,0,0,0.0,,0.0,0.0,0.0,0.0,0.0110638059999999,0.01169422
2023-03-26 16:38:02,130,1750,11,4,-84.8875,-18.575,-80.2625,-10.925,-89.75,-19.375,-76.26283333333333,-11.348833333333332,-100.504,-21.301,-109.40625,-22.50775,0.0,0.0,0.493992,0,0,0.0,0.0,0.0,0.199659,0,0,0,0.0,0.0,0.0,0,0.0,0.0,0,0,0.0,,0.0,0.0,0.0,0.0,0.009956828,0.0073961079999999
2023-03-26 16:38:03,130,1750,11,4,-90.1375,-22.2375,-84.1875,-12.225,-85.71875,-17.28125,-74.47328571428571,-10.860714285714284,-117.85385714285712,-28.289857142857148,-138.78633333333337,-34.531,0.0,0.0,0.773992,0,0,0.0,0.0,0.530434,0.587802,0,0,0,0.0,0.0,0.0,0,0.0,0.0,0,0,0.0,,0.0,0.0,0.0,0.0,0.009898344,0.0085692639999999
2023-03-26 16:38:04,130,1750,11,4,-89.765625,-24.875,-78.72916666666667,-11.020833333333334,-80.59375,-14.46875,-76.7955,-11.9375,-78.508,-15.0,-79.12233333333334,-16.755,0.0,0.0,0.0,0,0,0.0,0.0,0.810366,0.908903,0,0,0,0.0,0.0,0.0,0,0.0,0.0,0,0,0.0,,0.0,0.0,0.0,0.0,0.0096610159999999,0.0092454679999999
2023-03-26 16:38:05,6,1750,11,4,-83.65625,-18.890625,-77.96875,-11.65625,-82.078125,-14.96875,-75.68883333333333,-12.8295,-95.983,-19.377666666666663,-108.291,-23.66,0.0,0.0,0.068922,0,0,0.0,0.0,0.0,0.0,0,0,0,0.14454,0.0,0.0,0,0.0,0.0,0,0,0.14454,,0.0,0.0,0.0,0.0,0.0104413486973947,0.0093526759999999
2023-03-26 16:38:06,6,1750,11,4,-89.05208333333333,-27.52083333333333,-68.19270833333333,-13.625,-75.15625,-19.73125,-60.36157142857143,-10.873857142857142,-138.28014285714286,-34.46642857142857,-138.91133333333337,-35.179500000000004,0.0,0.0,0.136922,0,0,0.0,0.0,0.0,0.0,0,0,0,0.0,0.0,0.0,0,0.0,0.0,0,0,0.0,,0.0,0.002,0.016,0.012,0.018166394,0.0161588597194388
2023-03-26 16:38:07,11,3650,11,2,-54.359375,-6.78125,-65.796875,-20.953125,-66.5625,-20.4375,-61.254000000000005,-10.508,-61.5,-10.508,0.0,0.0,0.602838,0.0,0.0,0,0,0.0,0.602897,0.0,0.0,0,0,0,0.0,0.0,0.672709,0,0.0,0.285265,0,0,0.395276,otherFailure,0.0,0.0,0.0,0.0,0.010721912,0.007426908
2023-03-26 16:38:08,11,3650,11,2,-55.0625,-8.96875,-63.59375,-20.75,-63.875,-21.03125,-64.76814285714286,-10.602857142857143,0.0,0.0,0.0,0.0,0.0,0.0,0.0,0,0,0.0,0.0,0.0,0.0,0,0,0,0.0,0.0,0.0,0,0.0,0.0,0,0,0.0,,0.388,0.328,0.152,0.21,0.0569358496732025,0.1290841607142857
2023-03-26 16:38:09,11,3650,11,2,-54.375,-11.34375,-62.5625,-20.875,-64.0,-21.40625,-65.56766666666668,-10.662666666666668,-99.527,-23.695500000000003,-112.5585,-24.96075,0.0,0.0,0.0,0,0,0.0,0.0,0.0,0.0,0,0,0,0.0,0.0,0.0,0,0.0,0.0,0,0,0.0,,0.0,0.0,0.0,0.0,0.010387342,0.00876503
2023-03-26 16:38:10,11,3650,11,2,-59.6875,-10.1875,-67.0625,-16.4375,-69.5,-19.5,-67.91783333333333,-10.770833333333334,-79.92599999999999,-16.5155,-90.02733333333333,-19.925666666666668,0.0,0.0,0.0,0,0,0.0,0.0,0.0,0.0,0,0,0,0.0,0.0,0.0,0,0.0,0.0,0,0,0.0,,0.0,0.0,0.0,0.0,0.010093202,0.0076433279999999
2023-03-26 16:38:11,11,3650,11,2,-58.75,-10.5625,-60.5,-13.4375,-68.0,-21.125,-71.77733333333333,-12.143333333333333,-75.58066666666666,-15.548166666666669,-94.29933333333332,-23.241,0.0,0.0,0.0,0,0,0.0,0.0,0.0,0.0,0,0,0,0.0,0.0,0.0,0,0.0,0.0,0,0,0.0,,0.0,0.0,0.0,0.0,0.0100737579999999,0.0075993559999999
2023-03-26 16:38:12,11,3650,11,3,-59.6875,-11.75,-61.25,-14.5625,-66.75,-20.3125,-70.34366666666668,-11.8945,-77.45316666666668,-15.645833333333334,-84.76816666666667,-20.375,0.0,0.0,0.0,0,0,0.0,0.0,0.0,0.0,0,0,0,0.0,0.0,0.0,0,0.0,0.0,0,0,0.0,,0.0,0.0,0.0,0.0,0.0096037379999999,0.0073209739999999
2023-03-26 16:38:13,11,3650,11,0,-59.6875,-11.75,0.0,0.0,0.0,0.0,-76.866,-13.428714285714287,-81.32833333333333,-14.502666666666668,-84.4495,-16.948999999999998,0.0,0.0,0.0,0,0,0.0,0.0,0.0,0.0,0,0,0,0.0,0.0,0.0,0,0.0,0.0,0,0,0.0,,0.0,0.0,0.0,0.0,0.010364652,0.0077212759999999
2023-03-26 16:38:14,11,3650,11,3,-64.875,-12.5625,-75.875,-18.8125,-76.5,-19.25,-79.30483333333333,-13.713499999999998,-86.69933333333331,-18.104166666666664,-87.13550000000002,-17.149833333333333,0.0,0.0,0.0,0,0,0.0,0.0,0.0,0.0,0,0,0,0.0,0.0,0.0,0,0.0,0.0,0,0,0.0,,0.0,0.0,0.0,0.0,0.0096691839999999,0.010019836
2023-03-26 16:38:15,11,3650,11,3,-64.625,-9.8125,-73.90625,-21.125,-74.84375,-20.4375,-79.12366666666667,-12.397,-82.375,-15.548,-103.094,-20.785,0.0,0.0,0.0,0,0,0.0,0.0,0.0,0.0,0,0,0,0.0,0.0,0.0,0,0.0,0.0,0,0,0.0,,0.0,0.0,0.0,0.0,0.009690614,0.0104894899999999
2023-03-26 16:38:16,11,3650,11,3,-63.5625,-8.875,-71.5625,-19.5625,-74.5,-21.75,-80.76700000000001,-12.306166666666668,-94.99216666666668,-19.227833333333333,-106.2905,-26.18883333333333,0.0,0.0,0.0,0,0,0.0,0.0,0.0,0.0,0,0,0,0.0,0.0,0.0,0,0.0,0.0,0,0,0.0,,0.0,0.0,0.0,0.0,0.009998988,0.010292044
2023-03-26 16:38:17,11,3650,11,0,-63.5625,-8.875,0.0,0.0,0.0,0.0,-83.51433333333334,-12.7005,-86.60783333333335,-16.559833333333334,-96.03516666666668,-21.983,0.0,0.0,0.0,0,0,0.0,0.0,0.0,0.0,0,0,0,0.0,0.0,0.0,0,0.0,0.0,0,0,0.0,,0.0,0.0,0.0,0.0,0.010007452,0.010620408
2023-03-26 16:38:18,11,3650,11,3,-66.875,-10.375,-74.875,-19.875,-75.6875,-20.9375,-85.77342857142857,-13.591571428571427,-87.64171428571429,-15.80342857142857,-89.50885714285714,-17.75128571428571,0.0,0.0,0.0,0,0,0.0,0.0,0.0,0.0,0,0,0,0.0,0.0,0.0,0,0.0,0.0,0,0,0.0,,0.0,0.0,0.0,0.0,0.0099748559999999,0.010160802
2023-03-26 16:38:19,11,3650,11,4,-70.0,-10.40625,-77.71875,-20.25,-77.90625,-20.1875,-88.08466666666668,-13.686166666666669,-88.6835,-15.473833333333332,-91.10283333333332,-17.25,0.0,0.0,0.0,0,0,0.0,0.0,0.0,0.0,0,0,0,0.0,0.0,0.0,0,0.0,0.0,0,0,0.0,,0.0,0.0,0.0,0.0,0.009605942,0.0096284339999999
2023-03-26 16:38:20,11,3650,11,4,-66.0625,-12.4375,-75.9375,-18.875,-76.625,-20.5625,-89.75266666666666,-14.215000000000002,-95.68766666666666,-18.487,-97.0255,-17.668,0.0,0.0,0.0,0,0,0.0,0.0,0.0,0.0,0,0,0,0.0,0.0,0.0,0,0.0,0.0,0,0,0.0,,0.0,0.0,0.0,0.0,0.010102182,0.0081310619999999
2023-03-26 16:38:21,11,3650,11,4,-68.125,-11.0,-75.4375,-18.3125,-79.0,-19.8125,-91.13283333333334,-14.165333333333336,-95.0,-17.0,-95.594,-17.3555,0.0,0.0,0.0,0,0,0.0,0.0,0.0,0.0,0,0,0,0.0,0.0,0.0,0,0.0,0.0,0,0,0.0,,0.0,0.0,0.0,0.0,0.009895682,0.007193478
2023-03-26 16:38:22,11,3650,11,0,-68.125,-11.0,0.0,0.0,0.0,0.0,-91.566,-15.840285714285711,-92.8865,-17.191499999999998,-94.42614285714286,-17.233428571428572,0.0,0.0,0.0,0,0,0.0,0.0,0.0,0.0,0,0,0,0.0,0.0,0.0,0,0.0,0.0,0,0,0.0,,0.0,0.0,0.0,0.0,0.009497896,0.0077099498997995
2023-03-26 16:38:23,11,3650,11,4,-67.5625,-10.375,-77.34375,-19.21875,-78.15625,-20.875,-90.85133333333332,-14.96883333333333,-95.3685,-17.51816666666667,-96.7265,-15.8515,0.0,0.0,0.0,0,0,0.0,0.0,0.0,0.0,0,0,0,0.0,0.0,0.0,0,0.0,0.0,0,0,0.0,,0.0,0.0,0.0,0.0,0.010443948,0.007580114
2023-03-26 16:38:24,11,3650,11,5,-73.6875,-11.3125,-84.5625,-19.25,-85.5625,-21.3125,-94.86216666666668,-15.575666666666663,-94.03133333333334,-14.957166666666668,-95.37266666666666,-15.630333333333333,0.0,0.0,0.0,0,0,0.0,0.0,0.0,0.0,0,0,0,0.0,0.0,0.0,0,0.0,0.0,0,0,0.0,,0.0,0.0,0.0,0.0,0.0100561159999999,0.00803201
2023-03-26 16:38:25,11,3650,11,5,-79.5,-13.3125,-82.3125,-17.25,-82.9375,-18.0625,-97.36983333333332,-16.054666666666666,-98.15500000000002,-16.677000000000003,-99.38683333333334,-16.763,0.0,0.0,0.0,0,0,0.0,0.0,0.0,0.0,0,0,0,0.0,0.0,0.0,0,0.0,0.0,0,0,0.0,,0.0,0.0,0.0,0.0,0.010407362,0.0088704119999999
2023-03-26 16:38:26,11,3650,11,5,-75.5625,-12.625,-82.25,-19.5,-82.5625,-19.875,-100.8685,-17.73716666666667,-98.3296,-16.3938,-98.8252,-16.7906,0.0,0.0,0.0,0,0,0.0,0.0,0.0,0.0,0,0,0,0.0,0.0,0.0,0,0.0,0.0,0,0,0.0,,0.0,0.0,0.0,0.0,0.010060716,0.0092726259999999
2023-03-26 16:38:27,11,3650,11,6,-77.9375,-14.375,-82.625,-20.75,-84.25,-20.625,-98.84116666666668,-17.014333333333333,-97.96233333333332,-15.6185,-99.5094,-15.903200000000002,0.0,0.0,0.0,0,0,0.0,0.0,0.0,0.0,0,0,0,0.0,0.0,0.0,0,0.0,0.0,0,0,0.0,,0.0,0.0,0.0,0.0,0.0094097279999999,0.009695394
2023-03-26 16:38:28,11,3650,11,7,-78.25,-15.6875,-79.6875,-15.875,-79.9375,-13.9375,-100.654,-17.787857142857145,-95.91171428571428,-14.497714285714284,-99.0805,-16.486833333333333,0.0,0.0,0.0,0,0,0.0,0.0,0.0,0.0,0,0,0,0.0,0.0,0.0,0,0.0,0.0,0,0,0.0,,0.0,0.0,0.0,0.0,0.0097152659999999,0.009410554
2023-03-26 16:38:29,11,3650,205,7,-80.6640625,-15.3046875,-79.3046875,-14.3046875,-79.9765625,-14.65625,-94.87516666666666,-14.554833333333333,-94.742,-13.961,-98.71099999999998,-17.54875,0.0,0.0,0.0,0,0,0.207675,0.0,0.0,0.0,0,0,0,0.0,0.0,0.0,0,0.264037,0.0,0,0,0.0,,0.0,0.0,0.0,0.0,0.0100531539999999,0.009631286
2023-03-26 16:38:30,188,3650,205,7,-81.484375,-13.390625,-78.8125,-13.375,-81.046875,-14.71875,-89.31883333333333,-12.1875,-99.695,-19.273,-105.871,-20.8555,0.0,0.0,0.175777,0,0,0.0,0.0,0.0,0.394622,0,0,0,0.243887,0.0,0.0,0,0.0,0.0,0,0,0.243887,,0.002,0.0,0.0,0.0,0.0128633607214428,0.0130332839999999
2023-03-26 16:38:31,188,3650,205,3,-81.625,-14.1875,-80.34375,-14.28125,-80.8125,-13.1875,-86.35666666666668,-11.326666666666666,-109.841,-23.257666666666665,-118.853,-26.649833333333333,0.0,0.0,0.0,0,0,0.0,0.0,0.0,0.0,0,0,0,0.0,0.0,0.0,0,0.0,0.0,0,0,0.0,,0.0,0.002,0.0,0.0,0.01271244,0.0130971122244488
2023-03-26 16:38:32,205,3650,205,4,-75.5,-11.833333333333334,-73.875,-10.625,-83.21875,-17.03125,-83.40085714285715,-10.887,-96.4578,-20.0296,0.0,0.0,0.0,0.0,0.538968,0,0,0.0,0.0,0.0,0.705059,0,0,0,0.589661,0.0,0.0,0,0.0,0.0,0,0,0.589661,,0.0,0.0,0.0,0.0,0.0106573839999999,0.0096083619999999
2023-03-26 16:38:33,205,3650,205,3,-72.5,-8.4375,-82.3125,-18.5625,-82.75,-19.5625,-77.7915,-10.617333333333336,-92.75,-20.531,0.0,0.0,0.0,0.0,0.0,0,0,0.0,0.0,0.0,0.0,0,0,0,0.0,0.0,0.0,0,0.0,0.0,0,0,0.0,,0.0,0.002,0.0,0.01,0.013981176,0.015691256513026
2023-03-26 16:38:34,205,3650,205,3,-71.0,-8.6875,-82.4375,-19.9375,-82.625,-21.0625,-73.70816666666666,-10.587333333333332,0.0,0.0,0.0,0.0,0.0,0.0,0.0,0,0,0.0,0.0,0.0,0.0,0,0,0,0.0,0.0,0.0,0,0.0,0.0,0,0,0.0,,0.0,0.0,0.0,0.0,0.01002463,0.010989794
2023-03-26 16:38:35,205,3650,205,3,-66.9375,-7.25,-81.5,-17.375,-82.5625,-21.9375,-72.129,-10.586,0.0,0.0,0.0,0.0,0.0,0.0,0.0,0,0,0.0,0.0,0.0,0.0,0,0,0,0.0,0.0,0.0,0,0.0,0.0,0,0,0.0,,0.0,0.0,0.0,0.0,0.010602884,0.0100784039999999
2023-03-26 16:38:36,205,3650,205,3,-65.625,-7.8125,-77.0625,-20.625,-78.25,-19.0,-70.84042857142857,-10.586,0.0,0.0,0.0,0.0,0.0,0.0,0.0,0,0,0.0,0.0,0.0,0.0,0,0,0,0.0,0.0,0.0,0,0.0,0.0,0,0,0.0,,0.0,0.0,0.0,0.0,0.0100148439999999,0.0083906979999999
2023-03-26 16:38:37,205,3650,205,3,-62.75,-7.1875,-76.5625,-20.875,-79.375,-17.3125,-70.233,-10.590000000000002,0.0,0.0,0.0,0.0,0.0,0.0,0.0,0,0,0.0,0.0,0.0,0.0,0,0,0,0.0,0.0,0.0,0,0.0,0.0,0,0,0.0,,0.0,0.0,0.0,0.0,0.010542146,0.0082162179999999
2023-03-26 16:38:38,205,3650,205,3,-64.1875,-7.25,-79.0,-12.0625,-82.0,-17.1875,-68.63283333333332,-10.594,0.0,0.0,0.0,0.0,0.0,0.0,0.0,0,0,0.0,0.0,0.0,0.0,0,0,0,0.0,0.0,0.0,0,0.0,0.0,0,0,0.0,,0.0,0.0,0.0,0.0,0.0100814539999999,0.0085183359999999
2023-03-26 16:38:39,205,3650,205,0,-64.1875,-7.25,0.0,0.0,0.0,0.0,-67.87633333333333,-10.595333333333334,0.0,0.0,0.0,0.0,0.0,0.0,0.0,0,0,0.0,0.0,0.0,0.0,0,0,0,0.0,0.0,0.0,0,0.0,0.0,0,0,0.0,,0.0,0.0,0.0,0.0,0.0100706139999999,0.0076257839999999
2023-03-26 16:38:40,205,3650,205,3,-59.71875,-7.125,-78.0,-18.09375,-78.59375,-20.75,-63.984428571428566,-10.594,0.0,0.0,0.0,0.0,0.0,0.0,0.0,0,0,0.0,0.0,0.0,0.0,0,0,0,0.0,0.0,0.0,0,0.0,0.0,0,0,0.0,,0.0,0.0,0.0,0.0,0.0101171959999999,0.0074985819999999
2023-03-26 16:38:41,205,3650,205,4,-57.8125,-7.125,-78.0625,-14.3125,-80.875,-20.625,-60.64849999999999,-10.594,0.0,0.0,0.0,0.0,0.0,0.0,0.0,0,0,0.0,0.0,0.0,0.0,0,0,0,0.0,0.0,0.0,0,0.0,0.0,0,0,0.0,,0.0,0.0,0.0,0.0,0.010354116,0.007358706
2023-03-26 16:38:42,205,3650,205,4,-60.6875,-7.125,-64.4375,-12.0625,-71.875,-17.25,-58.55483333333333,-11.3305,-63.822833333333335,-15.393333333333333,0.0,0.0,0.0,0.0,0.0,0,0,0.0,0.0,0.0,0.0,0,0,0,0.0,0.0,0.0,0,0.0,0.0,0,0,0.0,,0.0,0.0,0.0,0.0,0.00995009,0.00693362
2023-03-26 16:38:43,205,3650,197,4,-65.22916666666667,-8.208333333333334,-65.0,-11.0,-73.47916666666667,-17.0,-66.56266666666667,-14.275833333333331,-59.424800000000005,-12.5358,-81.953,-20.086,0.0,0.0,0.0,0,0,0.767659,0.0,0.0,0.0,0,0,0,0.0,0.0,0.0,0,0.835152,0.0,0,0,0.0,,0.0,0.0,0.0,0.0,0.0107855439999999,0.0073518879999999
2023-03-26 16:38:44,197,3650,197,5,-66.16666666666667,-9.166666666666666,-65.4375,-8.8125,-74.16666666666667,-16.125,-58.996428571428574,-10.772285714285712,-106.60942857142858,-26.998857142857144,0.0,0.0,0.0,0.0,0.676807,0,0,0.0,0.0,0.0,0.884554,0,0,0,0.732962,0.0,0.0,0,0.0,0.0,0,0,0.732962,,0.0,0.0,0.0,0.0,0.0095758859999999,0.0081551459999999
2023-03-26 16:38:45,197,3650,197,3,-59.270833333333336,-5.958333333333333,-71.04166666666667,-16.833333333333332,-72.58333333333333,-19.14583333333333,-52.952,-10.595333333333334,-105.37525,-29.16575,0.0,0.0,0.0,0.0,0.0,0,0,0.0,0.0,0.0,0.0,0,0,0,0.0,0.0,0.0,0,0.0,0.0,0,0,0.0,,0.0,0.002,0.0,0.01,0.0113660379999999,0.0148160521042084
2023-03-26 16:38:46,197,3650,197,3,-54.8125,-4.75,-68.125,-18.5,-69.0625,-19.9375,-49.9115,-10.594,-132.0246666666667,-31.881666666666664,0.0,0.0,0.0,0.0,0.0,0,0,0.0,0.0,0.0,0.0,0,0,0,0.0,0.0,0.0,0,0.0,0.0,0,0,0.0,,0.0,0.0,0.0,0.0,0.0124710599999999,0.011395512
2023-03-26 16:38:47,197,3650,197,3,-52.0625,-4.375,-66.4375,-19.0625,-66.5625,-17.25,-56.12057142857142,-10.594,-131.5202,-37.5938,0.0,0.0,0.0,0.0,0.0,0,0,0.0,0.0,0.0,0.0,0,0,0,0.0,0.0,0.0,0,0.0,0.0,0,0,0.0,,0.0,0.0,0.0,0.0,0.009795964,0.0083067879999999
2023-03-26 16:38:48,197,3650,197,3,-64.875,-5.125,-72.375,-14.8125,-75.1875,-17.4375,-60.73566666666667,-10.594,-80.092,-19.293,0.0,0.0,0.0,0.0,0.0,0,0,0.0,0.0,0.0,0.0,0,0,0,0.0,0.0,0.0,0,0.0,0.0,0,0,0.0,,0.0,0.0,0.0,0.0,0.0099683386773547,0.0082814179999999
2023-03-26 16:38:49,197,3650,197,3,-64.6875,-7.5,-67.625,-13.0,-73.75,-18.9375,-65.82283333333334,-10.722666666666669,-85.81266666666666,-22.173166666666663,0.0,0.0,0.0,0.0,0.0,0,0,0.0,0.0,0.0,0.0,0,0,0,0.0,0.0,0.0,0,0.0,0.0,0,0,0.0,,0.0,0.0,0.0,0.0,0.009667534,0.00761484
2023-03-26 16:38:50,188,3650,197,4,-73.22916666666667,-11.208333333333334,-65.83333333333333,-10.729166666666666,-71.5,-16.25,-71.98542857142857,-11.244285714285716,-79.01785714285714,-17.710857142857144,-84.43285714285716,-19.50357142857143,0.0,0.0,0.831734,0,0,0.0,0.0,0.0,0.0,0,0,0,0.895788,0.0,0.0,0,0.0,0.0,0,0,0.895788,,0.0,0.0,0.0,0.0,0.009341504,0.0082097999999999
2023-03-26 16:38:51,188,3650,197,3,-65.54166666666667,-9.75,-73.72916666666667,-17.229166666666668,-74.625,-15.0,-80.29566666666668,-13.993333333333332,-79.293,-15.606666666666667,-80.69,-16.315333333333335,0.0,0.0,0.0,0,0,0.0,0.0,0.0,0.04459,0,0,0,0.0,0.0,0.0,0,0.0,0.0,0,0,0.0,,0.0,0.0,0.0,0.0,0.0097113239999999,0.0079115839999999
2023-03-26 16:38:52,188,3650,188,3,-63.875,-8.0,-71.91666666666667,-15.75,-74.97916666666667,-20.229166666666668,-79.4025,-13.811,-75.219,-12.762,-82.03266666666666,-16.32016666666667,0.0,0.0,0.0,0,0,0.327663,0.0,0.0,0.0,0,0,0,0.0,0.0,0.0,0,0.362965,0.0,0,0,0.0,,0.0,0.002,0.0,0.0,0.014494138,0.0140346432865731
2023-03-26 16:38:53,188,3650,188,3,-59.875,-7.25,-72.75,-20.25,-72.9375,-18.0625,-76.73771428571429,-11.929714285714285,-82.48,-16.417285714285715,-98.92528571428572,-22.132571428571428,0.0,0.0,0.0,0,0,0.0,0.0,0.0,0.0,0,0,0,0.0,0.0,0.0,0,0.0,0.0,0,0,0.0,,0.0,0.0,0.0,0.0,0.0114999219999999,0.013403734
2023-03-26 16:38:54,188,3650,188,0,-59.875,-7.25,0.0,0.0,0.0,0.0,-71.0925,-10.942833333333336,-82.198,-15.860666666666669,-103.114,-26.839,0.0,0.0,0.0,0,0,0.0,0.0,0.0,0.0,0,0,0,0.0,0.0,0.0,0,0.0,0.0,0,0,0.0,,0.0,0.0,0.0,0.0,0.0097189,0.008236284
2023-03-26 16:38:55,188,3650,188,3,-61.5,-7.4375,-69.75,-15.625,-73.875,-19.5,-75.42833333333333,-11.347666666666669,-84.07816666666666,-17.591166666666666,0.0,0.0,0.0,0.0,0.0,0,0,0.0,0.0,0.0,0.0,0,0,0,0.0,0.0,0.0,0,0.0,0.0,0,0,0.0,,0.0,0.0,0.0,0.0,0.0101696039999999,0.0092492299999999
2023-03-26 16:38:56,188,3650,188,3,-66.0625,-8.5625,-71.0,-12.125,-77.125,-13.1875,-78.28266666666666,-11.839833333333331,-83.09483333333334,-16.032666666666668,0.0,0.0,0.0,0.0,0.0,0,0,0.0,0.0,0.0,0.0,0,0,0,0.0,0.0,0.0,0,0.0,0.0,0,0,0.0,,0.0,0.0,0.0,0.0,0.0094123699999999,0.009413578
2023-03-26 16:38:57,188,3650,188,3,-65.8125,-8.65625,-74.25,-15.78125,-79.21875,-20.78125,-77.56700000000001,-11.409571428571429,-98.75014285714283,-21.90857142857143,0.0,0.0,0.0,0.0,0.0,0,0,0.0,0.0,0.0,0.0,0,0,0,0.0,0.0,0.0,0,0.0,0.0,0,0,0.0,,0.0,0.0,0.0,0.0,0.010164046,0.010818912
2023-03-26 16:38:58,188,3650,188,3,-71.1875,-8.25,-75.75,-15.25,-77.75,-16.0,-78.6015,-11.399666666666668,-95.46233333333332,-23.535166666666665,-98.80616666666668,-23.65,0.0,0.0,0.0,0,0,0.0,0.0,0.0,0.0,0,0,0,0.0,0.0,0.0,0,0.0,0.0,0,0,0.0,,0.0,0.0,0.0,0.0,0.0092514959999999,0.009605524
2023-03-26 16:38:59,188,3650,188,0,-71.1875,-8.25,0.0,0.0,0.0,0.0,-78.36733333333335,-11.613333333333337,-90.92183333333334,-20.636666666666667,-91.311,-20.656166666666667,0.0,0.0,0.0,0,0,0.0,0.0,0.0,0.0,0,0,0,0.0,0.0,0.0,0,0.0,0.0,0,0,0.0,,0.0,0.0,0.0,0.0,0.01020272,0.010495972
2023-03-26 16:39:00,188,3650,188,3,-65.5625,-7.6875,-74.1875,-12.1875,-83.5,-19.4375,-76.53383333333333,-11.542833333333334,-90.21633333333334,-21.72283333333333,-112.112,-28.496,0.0,0.0,0.0,0,0,0.0,0.0,0.0,0.0,0,0,0,0.0,0.0,0.0,0,0.0,0.0,0,0,0.0,,0.0,0.0,0.0,0.0,0.0099523939999999,0.0101939439999999
2023-03-26 16:39:01,188,3650,188,3,-67.5,-7.625,-76.46875,-15.34375,-79.46875,-19.46875,-77.28228571428573,-11.876428571428573,-97.04014285714284,-22.322571428571425,-101.6066,-23.6204,0.0,0.0,0.0,0,0,0.0,0.0,0.0,0.0,0,0,0,0.0,0.0,0.0,0,0.0,0.0,0,0,0.0,,0.0,0.0,0.0,0.0,0.0098977459999999,0.009118512
2023-03-26 16:39:02,188,3650,188,3,-65.0,-7.6875,-75.3125,-13.6875,-81.25,-21.5625,-76.48049999999999,-11.680833333333334,-87.285,-20.0195,-90.3972,-21.1546,0.0,0.0,0.0,0,0,0.0,0.0,0.0,0.0,0,0,0,0.0,0.0,0.0,0,0.0,0.0,0,0,0.0,,0.0,0.0,0.0,0.0,0.009941564,0.0082534319999999
2023-03-26 16:39:03,188,3650,188,0,-65.0,-7.6875,0.0,0.0,0.0,0.0,-75.92049999999999,-11.858,-97.19933333333334,-22.06383333333333,0.0,0.0,0.0,0.0,0.0,0,0,0.0,0.0,0.0,0.0,0,0,0,0.0,0.0,0.0,0,0.0,0.0,0,0,0.0,,0.0,0.0,0.0,0.0,0.010266804,0.0073552299999999
2023-03-26 16:39:04,188,3650,188,3,-67.6875,-8.25,-71.8125,-12.875,-78.0625,-18.8125,-76.62766666666667,-11.735666666666669,-84.0,-18.008,-93.138,-23.306,0.0,0.0,0.0,0,0,0.0,0.0,0.0,0.0,0,0,0,0.0,0.0,0.0,0,0.0,0.0,0,0,0.0,,0.0,0.0,0.0,0.0,0.010132088,0.008145012
2023-03-26 16:39:05,188,3650,188,3,-66.09375,-8.28125,-71.625,-10.28125,-81.09375,-17.90625,-77.26228571428571,-11.566999999999998,-85.0235,-16.4765,-91.203,-20.414,0.0,0.0,0.0,0,0,0.0,0.0,0.0,0.0,0,0,0,0.0,0.0,0.0,0,0.0,0.0,0,0,0.0,,0.0,0.0,0.0,0.0,0.0102468219999999,0.0082652344689378
2023-03-26 16:39:06,188,3650,188,2,-69.8125,-7.5,-72.125,-8.4375,-84.8125,-20.4375,-78.3215,-11.609333333333334,-90.8844,-20.4764,-95.24216666666666,-20.432333333333336,0.0,0.0,0.0,0,0,0.0,0.0,0.0,0.0,0,0,0,0.0,0.0,0.0,0,0.0,0.0,0,0,0.0,,0.0,0.0,0.0,0.0,0.0098493079999999,0.0092071479999999
2023-03-26 16:39:07,188,3650,188,2,-69.3125,-7.1875,-72.25,-8.5,-84.375,-21.0,-78.89333333333333,-11.755166666666668,-89.40825,-20.6405,-90.1014,-19.85,0.0,0.0,0.0,0,0,0.0,0.0,0.0,0.0,0,0,0,0.0,0.0,0.0,0,0.0,0.0,0,0,0.0,,0.0,0.0,0.0,0.0,0.0099922979999999,0.010517576
2023-03-26 16:39:08,188,3650,188,0,-69.3125,-7.1875,0.0,0.0,0.0,0.0,-77.11716666666666,-11.652333333333331,-90.63283333333334,-21.16416666666667,-95.511,-22.517200000000003,0.0,0.0,0.0,0,0,0.0,0.0,0.0,0.0,0,0,0,0.0,0.0,0.0,0,0.0,0.0,0,0,0.0,,0.0,0.0,0.0,0.0,0.010134484,0.00983012
2023-03-26 16:39:09,188,3650,188,2,-70.0,-7.3125,-72.09375,-8.875,-87.78125,-22.84375,-73.03814285714286,-11.091285714285714,-98.81766666666668,-21.82683333333333,-116.88,-27.992,0.0,0.0,0.0,0,0,0.0,0.0,0.0,0.0,0,0,0,0.0,0.0,0.0,0,0.0,0.0,0,0,0.0,,0.0,0.0,0.0,0.0,0.01035019,0.0071894899999999
2023-03-26 16:39:10,188,3650,188,2,-69.75,-7.3125,-70.9375,-8.1875,-83.75,-21.1875,-69.80083333333333,-10.62,-121.05333333333334,-30.393166666666666,-123.35933333333332,-30.0,0.0,0.0,0.0,0,0,0.0,0.0,0.0,0.0,0,0,0,0.0,0.0,0.0,0,0.0,0.0,0,0,0.0,,0.0,0.0,0.0,0.0,0.0102168319999999,0.007532356
2023-03-26 16:39:11,188,3650,188,2,-68.625,-6.8125,-69.6875,-7.625,-88.625,-23.8125,-72.05983333333332,-10.694166666666666,-85.297,-16.781,-93.636,-26.8516,0.0,0.0,0.0,0,0,0.0,0.0,0.0,0.0,0,0,0,0.0,0.0,0.0,0,0.0,0.0,0,0,0.0,,0.0,0.0,0.0,0.0,0.010220794,0.009229838
2023-03-26 16:39:12,188,3650,188,0,-68.625,-6.8125,0.0,0.0,0.0,0.0,-71.72766666666668,-10.712333333333332,-87.319,-18.86583333333333,0.0,0.0,0.0,0.0,0.0,0,0,0.0,0.0,0.0,0.0,0,0,0,0.0,0.0,0.0,0,0.0,0.0,0,0,0.0,,0.0,0.0,0.0,0.0,0.0104093379999999,0.0091350539999999
2023-03-26 16:39:13,188,3650,188,2,-69.78125,-7.25,-71.4375,-10.03125,-84.9375,-21.96875,-70.58257142857143,-10.594,-86.91399999999999,-19.3985,0.0,0.0,0.0,0.0,0.0,0,0,0.0,0.0,0.0,0.0,0,0,0,0.0,0.0,0.0,0,0.0,0.0,0,0,0.0,,0.0,0.0,0.0,0.0,0.010664766,0.008471424
2023-03-26 16:39:14,188,3650,188,2,-68.875,-6.75,-72.1875,-9.5,-82.625,-20.1875,-69.72533333333334,-10.594,0.0,0.0,0.0,0.0,0.0,0.0,0.0,0,0,0.0,0.0,0.0,0.0,0,0,0,0.0,0.0,0.0,0,0.0,0.0,0,0,0.0,,0.0,0.0,0.0,0.0,0.0105718859999999,0.0095096459999999
2023-03-26 16:39:15,188,3650,188,2,-69.125,-7.1875,-70.9375,-8.6875,-82.625,-20.1875,-69.11066666666666,-10.594,0.0,0.0,0.0,0.0,0.0,0.0,0.0,0,0,0.0,0.0,0.0,0.0,0,0,0,0.0,0.0,0.0,0,0.0,0.0,0,0,0.0,,0.0,0.0,0.0,0.0,0.0103932979999999,0.009517406
2023-03-26 16:39:16,188,3650,188,2,-70.34375,-7.3125,-71.1875,-8.59375,-83.5,-20.8125,-69.9285,-10.594,0.0,0.0,0.0,0.0,0.0,0.0,0.0,0,0,0.0,0.0,0.0,0.0,0,0,0,0.0,0.0,0.0,0,0.0,0.0,0,0,0.0,,0.0,0.0,0.0,0.0,0.010619574,0.0092442239999999
2023-03-26 16:39:17,188,3650,188,0,-70.34375,-7.3125,0.0,0.0,0.0,0.0,-69.24428571428572,-10.594,0.0,0.0,0.0,0.0,0.0,0.0,0.0,0,0,0.0,0.0,0.0,0.0,0,0,0,0.0,0.0,0.0,0,0.0,0.0,0,0,0.0,,0.0,0.0,0.0,0.0,0.010637206,0.009459338
2023-03-26 16:39:18,188,3650,188,1,-67.6875,-7.0625,-70.9375,-9.9375,0.0,0.0,-69.60416666666667,-10.594,0.0,0.0,0.0,0.0,0.0,0.0,0.0,0,0,0.0,0.0,0.0,0.0,0,0,0,0.0,0.0,0.0,0,0.0,0.0,0,0,0.0,,0.0,0.0,0.0,0.0,0.010458296,0.0096447579999999
2023-03-26 16:39:19,188,3650,188,1,-68.3125,-8.0625,-72.25,-9.875,0.0,0.0,-71.20716666666667,-10.594,0.0,0.0,0.0,0.0,0.0,0.0,0.0,0,0,0.0,0.0,0.0,0.0,0,0,0,0.0,0.0,0.0,0,0.0,0.0,0,0,0.0,,0.0,0.0,0.0,0.0,0.0105749959999999,0.009350524
2023-03-26 16:39:20,188,3650,188,1,-64.6875,-7.90625,-72.40625,-9.03125,0.0,0.0,-73.84783333333333,-10.594,0.0,0.0,0.0,0.0,0.0,0.0,0.0,0,0,0.0,0.0,0.0,0.0,0,0,0,0.0,0.0,0.0,0,0.0,0.0,0,0,0.0,,0.0,0.0,0.0,0.0,0.0104159979999999,0.0090694499999999
2023-03-26 16:39:21,188,3650,188,1,-66.3125,-8.0,-73.0625,-8.5625,0.0,0.0,-74.09385714285715,-10.599571428571428,0.0,0.0,0.0,0.0,0.0,0.0,0.0,0,0,0.0,0.0,0.0,0.0,0,0,0,0.0,0.0,0.0,0,0.0,0.0,0,0,0.0,,0.0,0.0,0.0,0.0,0.010699806,0.0072957099999999
2023-03-26 16:39:22,188,3650,188,0,-66.3125,-8.0,0.0,0.0,0.0,0.0,-73.9505,-10.594,0.0,0.0,0.0,0.0,0.0,0.0,0.0,0,0,0.0,0.0,0.0,0.0,0,0,0,0.0,0.0,0.0,0,0.0,0.0,0,0,0.0,,0.0,0.0,0.0,0.0,0.0105359439999999,0.007095712
2023-03-26 16:39:23,188,3650,188,1,-68.4375,-7.375,-73.625,-9.5,0.0,0.0,-71.76299999999999,-10.594,0.0,0.0,0.0,0.0,0.0,0.0,0.0,0,0,0.0,0.0,0.0,0.0,0,0,0,0.0,0.0,0.0,0,0.0,0.0,0,0,0.0,,0.0,0.0,0.0,0.0,0.010142522,0.0097268399999999
2023-03-26 16:39:24,188,3650,188,1,-67.375,-7.6875,-72.625,-8.59375,0.0,0.0,-76.27733333333332,-10.803333333333333,-89.41,-17.8945,0.0,0.0,0.0,0.0,0.0,0,0,0.0,0.0,0.0,0.0,0,0,0,0.0,0.0,0.0,0,0.0,0.0,0,0,0.0,,0.0,0.0,0.0,0.0,0.010566776,0.008843934
2023-03-26 16:39:25,188,3650,188,1,-70.125,-7.75,-76.5,-11.9375,0.0,0.0,-75.7722857142857,-11.159714285714283,-92.59775,-19.92575,-98.174,-21.035714285714285,0.0,0.0,0.0,0,0,0.0,0.0,0.0,0.0,0,0,0,0.0,0.0,0.0,0,0.0,0.0,0,0,0.0,,0.0,0.0,0.0,0.0,0.0102901999999999,0.007961738
2023-03-26 16:39:26,188,3650,188,0,-70.125,-7.75,0.0,0.0,0.0,0.0,-78.55983333333333,-11.5925,-89.84116666666667,-21.091166666666663,-97.669,-20.901,0.0,0.0,0.0,0,0,0.0,0.0,0.0,0.0,0,0,0,0.0,0.0,0.0,0,0.0,0.0,0,0,0.0,,0.0,0.0,0.0,0.0,0.0103628879999999,0.0090463419999999
2023-03-26 16:39:27,188,3650,188,1,-67.4375,-7.3125,-73.25,-11.1875,0.0,0.0,-78.879,-11.729166666666666,-96.31783333333334,-21.707,-103.12116666666668,-25.77733333333333,0.0,0.0,0.0,0,0,0.0,0.0,0.0,0.0,0,0,0,0.0,0.0,0.0,0,0.0,0.0,0,0,0.0,,0.0,0.0,0.0,0.0,0.0101309239999999,0.00922794
2023-03-26 16:39:28,188,3650,188,1,-68.45833333333333,-7.520833333333333,-72.625,-10.0625,0.0,0.0,-78.94266666666667,-11.834666666666664,-91.1875,-22.408500000000004,-94.24883333333334,-21.125,0.0,0.0,0.0,0,0,0.0,0.0,0.0,0.0,0,0,0,0.0,0.0,0.0,0,0.0,0.0,0,0,0.0,,0.0,0.0,0.0,0.0,0.0101523419999999,0.010493882
2023-03-26 16:39:29,188,3650,188,1,-64.625,-6.9375,-70.875,-11.0625,0.0,0.0,-78.57914285714287,-12.078142857142856,-86.42328571428571,-19.59585714285714,-100.2562,-22.8532,0.0,0.0,0.0,0,0,0.0,0.0,0.0,0.0,0,0,0,0.0,0.0,0.0,0,0.0,0.0,0,0,0.0,,0.0,0.0,0.0,0.0,0.00994312,0.010269356
2023-03-26 16:39:30,188,3650,188,0,-64.625,-6.9375,0.0,0.0,0.0,0.0,-76.62866666666666,-11.427166666666666,-94.9985,-21.2565,0.0,0.0,0.0,0.0,0.0,0,0,0.0,0.0,0.0,0.0,0,0,0,0.0,0.0,0.0,0,0.0,0.0,0,0,0.0,,0.0,0.0,0.0,0.0,0.009913826,0.010021426
2023-03-26 16:39:31,188,3650,188,1,-65.90625,-7.0,-74.21875,-13.21875,0.0,0.0,-74.01450000000001,-11.173166666666669,-85.844,-17.109499999999997,-101.422,-22.02525,0.0,0.0,0.0,0,0,0.0,0.0,0.0,0.0,0,0,0,0.0,0.0,0.0,0,0.0,0.0,0,0,0.0,,0.0,0.0,0.0,0.0,0.0098527615230461,0.0080394999999999
2023-03-26 16:39:32,188,3650,188,1,-66.9375,-8.0,-74.8125,-15.375,0.0,0.0,-75.371,-11.545333333333334,-92.168,-19.242,-93.97075,-20.631,0.0,0.0,0.0,0,0,0.0,0.0,0.0,0.0,0,0,0,0.0,0.0,0.0,0,0.0,0.0,0,0,0.0,,0.0,0.0,0.0,0.0,0.0099476199999999,0.0073822019999999
2023-03-26 16:39:33,188,3650,188,1,-66.1875,-7.1875,-75.75,-17.3125,0.0,0.0,-74.51657142857142,-11.159714285714289,-100.21214285714284,-22.88628571428572,0.0,0.0,0.0,0.0,0.0,0,0,0.0,0.0,0.0,0.0,0,0,0,0.0,0.0,0.0,0,0.0,0.0,0,0,0.0,,0.0,0.0,0.0,0.0,0.009787962,0.007837728
2023-03-26 16:39:34,188,3650,188,1,-69.1875,-7.5,-75.0625,-10.875,0.0,0.0,-74.232,-11.0715,-109.935,-26.844,0.0,0.0,0.0,0.0,0.0,0,0,0.0,0.0,0.0,0.0,0,0,0,0.0,0.0,0.0,0,0.0,0.0,0,0,0.0,,0.0,0.0,0.0,0.0,0.0100855999999999,0.007884596
2023-03-26 16:39:35,188,3650,188,0,-69.1875,-7.5,0.0,0.0,0.0,0.0,-73.50266666666666,-11.002666666666668,-109.28516666666668,-25.99466666666667,0.0,0.0,0.0,0.0,0.0,0,0,0.0,0.0,0.0,0.0,0,0,0,0.0,0.0,0.0,0,0.0,0.0,0,0,0.0,,0.0,0.0,0.0,0.0,0.0097561239999999,0.007798388
2023-03-26 16:39:36,188,3650,188,1,-66.09375,-7.8125,-76.4375,-15.5,0.0,0.0,-72.92450000000001,-11.03,-87.5,-16.5,-132.328,-31.727,0.0,0.0,0.0,0,0,0.0,0.0,0.0,0.0,0,0,0,0.0,0.0,0.0,0,0.0,0.0,0,0,0.0,,0.0,0.0,0.0,0.0,0.009545106,0.0078090319999999
2023-03-26 16:39:37,188,3650,188,1,-62.8125,-7.75,-74.875,-19.25,0.0,0.0,-72.463,-10.98542857142857,-91.4374,-20.6218,0.0,0.0,0.0,0.0,0.0,0,0,0.0,0.0,0.0,0.0,0,0,0,0.0,0.0,0.0,0,0.0,0.0,0,0,0.0,,0.0,0.0,0.0,0.0,0.009468394,0.007519578
2023-03-26 16:39:38,188,3650,188,1,-63.9375,-7.4375,-71.4375,-13.9375,0.0,0.0,-71.4165,-10.851666666666668,-111.2735,-26.058666666666664,0.0,0.0,0.0,0.0,0.0,0,0,0.0,0.0,0.0,0.0,0,0,0,0.0,0.0,0.0,0,0.0,0.0,0,0,0.0,,0.0,0.0,0.0,0.0,0.010002814,0.0075790119999999
2023-03-26 16:39:39,188,3650,188,1,-61.78125,-7.34375,-70.40625,-13.9375,0.0,0.0,-70.2265,-10.770833333333336,-125.259,-32.699333333333335,0.0,0.0,0.0,0.0,0.0,0,0,0.0,0.0,0.0,0.0,0,0,0,0.0,0.0,0.0,0,0.0,0.0,0,0,0.0,,0.0,0.0,0.0,0.0,0.009821864,0.0077208119999999
2023-03-26 16:39:40,188,3650,188,0,-61.78125,-7.34375,0.0,0.0,0.0,0.0,-68.11216666666667,-10.742333333333336,-111.604,-26.909,0.0,0.0,0.0,0.0,0.0,0,0,0.0,0.0,0.0,0.0,0,0,0,0.0,0.0,0.0,0,0.0,0.0,0,0,0.0,,0.0,0.0,0.0,0.0,0.01003139,0.007512838
2023-03-26 16:39:41,188,3650,188,1,-55.1875,-6.8125,-64.875,-17.75,0.0,0.0,-64.712,-10.733428571428574,-123.183,-31.996428571428567,0.0,0.0,0.0,0.0,0.0,0,0,0.0,0.0,0.0,0.0,0,0,0,0.0,0.0,0.0,0,0.0,0.0,0,0,0.0,,0.0,0.0,0.0,0.0,0.009996972,0.007385322
2023-03-26 16:39:42,188,3650,188,1,-53.9375,-6.75,-70.75,-18.25,0.0,0.0,-68.25916666666666,-11.159,-76.7695,-15.0585,-109.6035,-31.15225,0.0,0.0,0.0,0,0,0.0,0.0,0.0,0.0,0,0,0,0.0,0.0,0.0,0,0.0,0.0,0,0,0.0,,0.0,0.0,0.0,0.0,0.0104285499999999,0.0071300059999999
2023-03-26 16:39:43,188,3650,188,1,-59.71875,-7.75,-72.75,-21.28125,0.0,0.0,-70.98433333333334,-11.514499999999998,-76.75383333333332,-16.412666666666667,0.0,0.0,0.0,0.0,0.0,0,0,0.0,0.0,0.0,0.0,0,0,0,0.0,0.0,0.0,0,0.0,0.0,0,0,0.0,,0.0,0.0,0.0,0.0,0.010305146,0.007006546
2023-03-26 16:39:44,188,3650,188,0,-59.71875,-7.75,0.0,0.0,0.0,0.0,-69.11216666666668,-11.768166666666668,-72.85683333333333,-15.129166666666668,0.0,0.0,0.0,0.0,0.0,0,0,0.0,0.0,0.0,0.0,0,0,0,0.0,0.0,0.0,0,0.0,0.0,0,0,0.0,,0.0,0.0,0.0,0.0,0.0328652899999999,0.0072291099999999
2023-03-26 16:39:45,188,3650,188,2,-60.6875,-7.875,-62.5625,-8.25,-76.125,-21.6875,-72.49733333333334,-14.435999999999998,-68.22533333333332,-12.402333333333331,-77.5275,-16.363500000000002,0.0,0.0,0.0,0,0,0.0,0.0,0.0,0.0,0,0,0,0.0,0.0,0.0,0,0.0,0.0,0,0,0.0,,0.0,0.0,0.0,0.0,0.03436196,0.0071326959999999
2023-03-26 16:39:46,180,3650,188,3,-59.5625,-8.291666666666666,-60.75,-6.625,-68.03125,-14.3125,-74.01685714285713,-16.883857142857146,-66.65871428571428,-11.721,-75.03633333333333,-15.961,0.0,0.0,0.299559,0,0,0.0,0.0,0.0,0.494547,0,0,0,0.349588,0.0,0.0,0,0.0,0.0,0,0,0.349588,,0.0,0.0,0.0,0.0,0.009701286,0.00710751
2023-03-26 16:39:47,180,3650,180,2,-55.8125,-7.25,-64.0625,-21.0,-66.83333333333333,-17.354166666666668,-66.23328571428571,-12.072714285714287,-61.797,-10.906,-74.82016666666668,-17.838666666666665,0.0,0.0,0.0,0,0,0.087573,0.0,0.0,0.0,0,0,0,0.0,0.0,0.0,0,0.115757,0.0,0,0,0.0,,0.0,0.002004008016032,0.0,0.0,0.015255026,0.0125989136546184
2023-03-26 16:39:48,180,3650,180,2,-45.875,-7.1875,-56.0625,-19.375,-59.5,-22.6875,-69.07583333333334,-11.074166666666668,-81.944,-19.289,-82.484,-16.078,0.0,0.0,0.0,0,0,0.0,0.0,0.0,0.0,0,0,0,0.0,0.0,0.0,0,0.0,0.0,0,0,0.0,,0.0,0.0,0.0,0.0,0.011240778,0.0096938019999999
2023-03-26 16:39:49,180,3650,180,2,-50.625,-8.0625,-64.1875,-19.5,-72.875,-25.625,-72.08466666666668,-12.397,-73.008,-15.508,-77.3484,-15.7032,0.0,0.0,0.0,0,0,0.0,0.0,0.0,0.0,0,0,0,0.0,0.0,0.0,0,0.0,0.0,0,0,0.0,,0.0,0.0,0.0,0.0,0.010324072,0.0073951059999999
2023-03-26 16:39:50,180,3650,180,0,-50.625,-8.0625,0.0,0.0,0.0,0.0,-63.33714285714285,-10.882857142857144,-102.64857142857144,-24.19757142857143,-124.991,-29.001142857142856,0.0,0.0,0.0,0,0,0.0,0.0,0.0,0.0,0,0,0,0.0,0.0,0.0,0,0.0,0.0,0,0,0.0,,0.0,0.0,0.0,0.0,0.0094660939999999,0.0075538979999999
2023-03-26 16:39:51,180,3650,180,2,-57.4375,-7.6875,-74.8125,-23.8125,-75.1875,-22.125,-70.5885,-10.594,-139.71475,-37.130750000000006,-139.96675,-38.37325,0.0,0.0,0.0,0,0,0.0,0.0,0.0,0.0,0,0,0,0.0,0.0,0.0,0,0.0,0.0,0,0,0.0,,0.0,0.0,0.0,0.0,0.0093939199999999,0.006853468
2023-03-26 16:39:52,180,3650,180,2,-60.4375,-7.46875,-77.40625,-23.0625,-78.4375,-23.875,-78.69916666666667,-10.603,0.0,0.0,0.0,0.0,0.0,0.0,0.0,0,0,0.0,0.0,0.0,0.0,0,0,0,0.0,0.0,0.0,0,0.0,0.0,0,0,0.0,,0.0,0.0,0.0,0.0,0.009525792,0.008261254
2023-03-26 16:39:53,180,3650,180,2,-67.5,-8.9375,-80.1875,-21.5,-81.125,-22.125,-81.68766666666666,-10.612,0.0,0.0,0.0,0.0,0.0,0.0,0.0,0,0,0.0,0.0,0.0,0.0,0,0,0,0.0,0.0,0.0,0,0.0,0.0,0,0,0.0,,0.0,0.0,0.0,0.0,0.009398474,0.009110084
2023-03-26 16:39:54,180,3650,180,0,-67.5,-8.9375,0.0,0.0,0.0,0.0,-83.97442857142858,-10.74085714285714,0.0,0.0,0.0,0.0,0.0,0.0,0.0,0,0,0.0,0.0,0.0,0.0,0,0,0,0.0,0.0,0.0,0,0.0,0.0,0,0,0.0,,0.0,0.0,0.0,0.0,0.00998408,0.0106870959999999
2023-03-26 16:39:55,180,3650,180,2,-70.4375,-8.9375,-83.125,-21.5,-86.25,-23.6875,-81.06633333333333,-10.594,0.0,0.0,0.0,0.0,0.0,0.0,0.0,0,0,0.0,0.0,0.0,0.0,0,0,0,0.0,0.0,0.0,0,0.0,0.0,0,0,0.0,,0.0,0.0,0.0,0.0,0.009849414,0.0112914979999999
2023-03-26 16:39:56,180,3650,180,2,-65.625,-6.9375,-77.34375,-18.3125,-82.3125,-22.46875,-85.40883333333335,-11.086,-87.1875,-14.2815,0.0,0.0,0.0,0.0,0.0,0,0,0.0,0.0,0.0,0.0,0,0,0,0.0,0.0,0.0,0,0.0,0.0,0,0,0.0,,0.0,0.0,0.0,0.0,0.009274848,0.010638502
2023-03-26 16:39:57,180,3650,180,2,-74.125,-10.3125,-81.75,-21.1875,-82.125,-17.125,-86.19933333333334,-14.971166666666669,-80.909,-12.921999999999995,-83.6328,-14.2674,0.0,0.0,0.0,0,0,0.0,0.0,0.0,0.0,0,0,0,0.0,0.0,0.0,0,0.0,0.0,0,0,0.0,,0.0,0.0,0.0,0.0,0.010041174,0.011281858
2023-03-26 16:39:58,180,3650,16,3,-74.265625,-10.96875,-79.20833333333333,-13.166666666666666,-84.375,-21.296875,-87.04228571428573,-14.582571428571429,-80.372,-11.911333333333332,-88.588,-15.965,0.0,0.0,0.0,0,0,0.387531,0.0,0.0,0.0,0,0,0,0.0,0.0,0.0,0,0.451789,0.0,0,0,0.0,,0.0,0.0,0.0,0.0,0.0097696059999999,0.0105977739999999
2023-03-26 16:39:59,180,3650,16,4,-72.225,-9.575,-77.325,-13.5875,-82.609375,-19.296875,-90.56516666666666,-14.604333333333336,-89.25783333333334,-14.4375,-91.1355,-16.06883333333333,0.0,0.0,0.0,0,0,0.0,0.0,0.0,0.0,0,0,0,0.0,0.0,0.0,0,0.0,0.0,0,0,0.0,,0.0,0.0,0.0,0.0,0.0139594439999999,0.0123624179999999
2023-03-26 16:40:00,180,3650,180,3,-68.8,-8.1125,-80.2,-15.575,-82.0375,-19.525,-87.70983333333334,-14.878833333333333,-80.72075000000001,-12.0235,-89.37733333333334,-16.363166666666665,0.0,0.0,0.0,0,0,0.647557,0.0,0.0,0.0,0,0,0,0.0,0.0,0.0,0,0.674635,0.0,0,0,0.0,,0.0,0.0,0.0,0.0,0.0114076199999999,0.011581482
2023-03-26 16:40:01,180,3650,180,0,-68.8,-8.1125,0.0,0.0,0.0,0.0,-86.34157142857143,-12.251142857142856,-90.02014285714286,-16.157428571428568,-91.94428571428573,-16.842714285714287,0.0,0.0,0.0,0,0,0.0,0.0,0.0,0.0,0,0,0,0.0,0.0,0.0,0,0.0,0.0,0,0,0.0,,0.0,0.0,0.0,0.0,0.0117081739999999,0.013339088
2023-03-26 16:40:02,180,3650,180,3,-69.875,-8.3125,-82.8125,-21.0,-83.375,-19.5625,-87.5,-11.546833333333332,-95.96233333333332,-18.024666666666665,-97.21616666666668,-19.4245,0.0,0.0,0.0,0,0,0.0,0.0,0.0,0.0,0,0,0,0.0,0.0,0.0,0,0.0,0.0,0,0,0.0,,0.0,0.0,0.0,0.0,0.009736166,0.010311958
2023-03-26 16:40:03,180,3650,180,3,-71.5625,-7.4375,-86.5,-20.875,-90.5625,-23.5625,-86.96066666666667,-11.2215,-95.961,-16.715,-96.68616666666668,-19.42333333333333,0.0,0.0,0.0,0,0,0.0,0.0,0.0,0.0,0,0,0,0.0,0.0,0.0,0,0.0,0.0,0,0,0.0,,0.0,0.0,0.0,0.0,0.01036283,0.0106383459999999
2023-03-26 16:40:04,180,3650,180,3,-74.4375,-7.5625,-87.4375,-21.4375,-87.8125,-21.125,-89.92183333333332,-11.437333333333331,-98.88275,-17.7775,-99.492,-17.23825,0.0,0.0,0.0,0,0,0.0,0.0,0.0,0.0,0,0,0,0.0,0.0,0.0,0,0.0,0.0,0,0,0.0,,0.0,0.0,0.0,0.0,0.009952734,0.008546712
2023-03-26 16:40:05,180,3650,180,3,-72.0625,-9.25,-82.3125,-20.3125,-82.8125,-20.75,-89.36842857142857,-11.289142857142858,-97.539,-15.93,-102.606,-19.64042857142857,0.0,0.0,0.0,0,0,0.0,0.0,0.0,0.0,0,0,0,0.0,0.0,0.0,0,0.0,0.0,0,0,0.0,,0.0,0.0,0.0,0.0,0.0100169319999999,0.00887623
2023-03-26 16:40:06,180,3650,180,3,-76.8125,-8.75,-88.3125,-19.75,-89.625,-17.6875,-88.51966666666668,-11.3985,-98.38133333333332,-17.733,-98.39183333333334,-17.65366666666667,0.0,0.0,0.0,0,0,0.0,0.0,0.0,0.0,0,0,0,0.0,0.0,0.0,0,0.0,0.0,0,0,0.0,,0.0,0.0,0.0,0.0,0.010332384,0.009135462
2023-03-26 16:40:07,180,3650,180,0,-76.8125,-8.75,0.0,0.0,0.0,0.0,-92.06283333333334,-12.3125,-98.284,-18.101666666666663,-102.27083333333331,-19.222833333333337,0.0,0.0,0.0,0,0,0.0,0.0,0.0,0.0,0,0,0,0.0,0.0,0.0,0,0.0,0.0,0,0,0.0,,0.0,0.0,0.0,0.0,0.010386698,0.0088676179999999
2023-03-26 16:40:08,180,3650,180,3,-79.15625,-9.09375,-87.15625,-16.03125,-93.25,-21.59375,-93.73466666666668,-13.5545,-95.71999999999998,-15.990833333333333,-96.0275,-17.2735,0.0,0.0,0.0,0,0,0.0,0.0,0.0,0.0,0,0,0,0.0,0.0,0.0,0,0.0,0.0,0,0,0.0,,0.0,0.0,0.0,0.0,0.010330524,0.008670332
2023-03-26 16:40:09,180,3650,180,3,-79.5625,-9.0,-86.9375,-15.6875,-93.4375,-19.8125,-93.96657142857144,-13.520142857142856,-98.35728571428572,-17.331285714285716,-99.15414285714284,-18.717714285714287,0.0,0.0,0.0,0,0,0.0,0.0,0.0,0.0,0,0,0,0.0,0.0,0.0,0,0.0,0.0,0,0,0.0,,0.0,0.0,0.0,0.0,0.0100431639999999,0.008552418
2023-03-26 16:40:10,180,3650,180,3,-79.875,-8.9375,-87.3125,-18.625,-87.5625,-19.75,-94.72116666666666,-13.446833333333332,-99.14066666666668,-17.435,-99.83333333333331,-17.625,0.0,0.0,0.0,0,0,0.0,0.0,0.0,0.0,0,0,0,0.0,0.0,0.0,0,0.0,0.0,0,0,0.0,,0.0,0.0,0.0,0.0,0.0102183019999999,0.0070629699999999
2023-03-26 16:40:11,180,3650,180,3,-74.5,-7.71875,-88.15625,-20.8125,-90.25,-21.0625,-92.78000000000002,-13.165333333333336,-96.478,-15.878666666666668,-98.71099999999998,-17.8656,0.0,0.0,0.0,0,0,0.0,0.0,0.0,0.0,0,0,0,0.0,0.0,0.0,0,0.0,0.0,0,0,0.0,,0.0,0.0,0.0,0.0,0.0103235639999999,0.0079235439999999
2023-03-26 16:40:12,180,3650,180,0,-74.5,-7.71875,0.0,0.0,0.0,0.0,-93.62383333333332,-13.686333333333332,-96.26166666666668,-15.886666666666668,-97.582,-17.595000000000002,0.0,0.0,0.0,0,0,0.0,0.0,0.0,0.0,0,0,0,0.0,0.0,0.0,0,0.0,0.0,0,0,0.0,,0.0,0.0,0.0,0.0,0.0101365059999999,0.009236022
2023-03-26 16:40:13,180,3650,180,2,-71.5625,-7.5,-84.5,-20.6875,-87.4375,-19.75,-92.49,-13.247714285714284,-97.39857142857144,-17.510142857142856,-97.85842857142858,-18.346,0.0,0.0,0.0,0,0,0.0,0.0,0.0,0.0,0,0,0,0.0,0.0,0.0,0,0.0,0.0,0,0,0.0,,0.0,0.0,0.0,0.0,0.0102696192384769,0.008789794
2023-03-26 16:40:14,180,3650,180,2,-73.6875,-8.375,-88.25,-21.4375,-91.625,-24.0,-91.7565,-13.121,-95.02466666666668,-15.677,-104.58066666666666,-20.0405,0.0,0.0,0.0,0,0,0.0,0.0,0.0,0.0,0,0,0,0.0,0.0,0.0,0,0.0,0.0,0,0,0.0,,0.0,0.0,0.0,0.0,0.010929056,0.00863841
2023-03-26 16:40:15,180,3650,180,2,-74.875,-7.9375,-86.125,-18.90625,-87.34375,-20.3125,-93.966,-13.702999999999998,-95.47633333333332,-14.986833333333337,-101.3685,-19.37633333333333,0.0,0.0,0.0,0,0,0.0,0.0,0.0,0.0,0,0,0,0.0,0.0,0.0,0,0.0,0.0,0,0,0.0,,0.0,0.0,0.0,0.0,0.0101838,0.008738702
2023-03-26 16:40:16,180,3650,180,0,-74.875,-7.9375,0.0,0.0,0.0,0.0,-92.36566666666668,-12.927,-97.15483333333331,-16.072833333333335,-104.094,-21.77925,0.0,0.0,0.0,0,0,0.0,0.0,0.0,0.0,0,0,0,0.0,0.0,0.0,0,0.0,0.0,0,0,0.0,,0.0,0.0,0.0,0.0,0.0100359659999999,0.0090864119999999
2023-03-26 16:40:17,180,3650,180,2,-74.375,-8.375,-88.625,-21.1875,-89.8125,-21.5,-94.0447142857143,-13.461,-95.95985714285716,-14.965571428571428,-98.7578,-17.0624,0.0,0.0,0.0,0,0,0.0,0.0,0.0,0.0,0,0,0,0.0,0.0,0.0,0,0.0,0.0,0,0,0.0,,0.0,0.0,0.0,0.0,0.010322452,0.009025068
2023-03-26 16:40:18,180,3650,180,2,-76.125,-7.5,-88.625,-18.0625,-90.5,-21.75,-95.4895,-14.6445,-95.14066666666666,-14.449333333333334,-99.285,-17.371000000000002,0.0,0.0,0.0,0,0,0.0,0.0,0.0,0.0,0,0,0,0.0,0.0,0.0,0,0.0,0.0,0,0,0.0,,0.0,0.0,0.0,0.0,0.009507438,0.0091930599999999
2023-03-26 16:40:19,180,3650,180,2,-73.5625,-7.625,-87.40625,-21.53125,-89.53125,-22.125,-92.39833333333333,-13.254166666666668,-92.685,-13.968833333333336,0.0,0.0,0.0,0.0,0.0,0,0,0.0,0.0,0.0,0.0,0,0,0,0.0,0.0,0.0,0,0.0,0.0,0,0,0.0,,0.0,0.0,0.0,0.0,0.0098923519999999,0.00900831
2023-03-26 16:40:20,180,3650,180,2,-72.6875,-7.75,-84.5625,-20.0,-85.25,-22.625,-91.00916666666669,-13.358,-92.74233333333336,-14.345,0.0,0.0,0.0,0.0,0.0,0,0,0.0,0.0,0.0,0.0,0,0,0,0.0,0.0,0.0,0,0.0,0.0,0,0,0.0,,0.0,0.0,0.0,0.0,0.0100978699999999,0.0085853359999999
2023-03-26 16:40:21,180,3650,180,0,-72.6875,-7.75,0.0,0.0,0.0,0.0,-88.48457142857141,-12.292428571428571,-92.011,-15.756571428571428,0.0,0.0,0.0,0.0,0.0,0,0,0.0,0.0,0.0,0.0,0,0,0,0.0,0.0,0.0,0,0.0,0.0,0,0,0.0,,0.0,0.0,0.0,0.0,0.0098838899999999,0.0092144379999999
2023-03-26 16:40:22,180,3650,180,2,-71.8125,-6.9375,-84.625,-20.875,-87.1875,-16.5,-88.71749999999999,-12.876333333333331,-90.20716666666668,-14.893166666666668,0.0,0.0,0.0,0.0,0.0,0,0,0.0,0.0,0.0,0.0,0,0,0,0.0,0.0,0.0,0,0.0,0.0,0,0,0.0,,0.0,0.0,0.0,0.0,0.010385508,0.009254566
2023-03-26 16:40:23,180,3650,180,3,-72.6875,-7.625,-87.0625,-18.0,-88.46875,-19.90625,-85.90350000000001,-11.960833333333332,-91.04566666666666,-16.097666666666665,0.0,0.0,0.0,0.0,0.0,0,0,0.0,0.0,0.0,0.0,0,0,0,0.0,0.0,0.0,0,0.0,0.0,0,0,0.0,,0.0,0.0,0.0,0.0,0.009664264,0.008722808
2023-03-26 16:40:24,180,3650,180,2,-70.9375,-7.8125,-86.8125,-17.625,-87.25,-20.9375,-86.85416666666667,-12.0625,-90.56766666666664,-16.35683333333333,0.0,0.0,0.0,0.0,0.0,0,0,0.0,0.0,0.0,0.0,0,0,0,0.0,0.0,0.0,0,0.0,0.0,0,0,0.0,,0.0,0.0,0.0,0.0,0.0099667619999999,0.0093433659999999
2023-03-26 16:40:25,180,3650,180,0,-70.9375,-7.8125,0.0,0.0,0.0,0.0,-86.68971428571429,-12.069142857142856,-90.7097142857143,-16.00671428571429,0.0,0.0,0.0,0.0,0.0,0,0,0.0,0.0,0.0,0.0,0,0,0,0.0,0.0,0.0,0,0.0,0.0,0,0,0.0,,0.0,0.0,0.0,0.0,0.010113706,0.009117456
2023-03-26 16:40:26,180,3650,180,2,-69.8125,-7.375,-83.625,-19.625,-88.5625,-20.75,-86.82433333333334,-12.014333333333331,-90.79033333333332,-16.272333333333332,0.0,0.0,0.0,0.0,0.0,0,0,0.0,0.0,0.0,0.0,0,0,0,0.0,0.0,0.0,0,0.0,0.0,0,0,0.0,,0.0,0.0,0.0,0.0,0.01007433,0.010505182
2023-03-26 16:40:27,180,3650,180,3,-69.78125,-7.1875,-82.34375,-19.90625,-84.6875,-22.625,-86.37783333333334,-12.127666666666665,-88.97133333333333,-15.591,0.0,0.0,0.0,0.0,0.0,0,0,0.0,0.0,0.0,0.0,0,0,0,0.0,0.0,0.0,0,0.0,0.0,0,0,0.0,,0.0,0.0,0.0,0.0,0.009610456,0.0105365719999999
2023-03-26 16:40:28,180,3650,180,3,-70.0625,-6.625,-82.8125,-18.8125,-84.9375,-20.6875,-86.84133333333334,-11.925833333333337,-89.93616666666667,-15.748833333333332,0.0,0.0,0.0,0.0,0.0,0,0,0.0,0.0,0.0,0.0,0,0,0,0.0,0.0,0.0,0,0.0,0.0,0,0,0.0,,0.0,0.0,0.0,0.0,0.009625032,0.0109183439999999
2023-03-26 16:40:29,180,3650,180,3,-70.0,-6.875,-82.25,-18.0625,-83.3125,-20.125,-86.3047142857143,-11.890857142857143,-90.56014285714286,-16.76085714285714,0.0,0.0,0.0,0.0,0.0,0,0,0.0,0.0,0.0,0.0,0,0,0,0.0,0.0,0.0,0,0.0,0.0,0,0,0.0,,0.0,0.0,0.0,0.0,0.009873452,0.011127912
2023-03-26 16:40:30,180,3650,180,0,-70.0,-6.875,0.0,0.0,0.0,0.0,-85.9585,-11.806166666666664,-90.04549999999999,-16.397,0.0,0.0,0.0,0.0,0.0,0,0,0.0,0.0,0.0,0.0,0,0,0,0.0,0.0,0.0,0,0.0,0.0,0,0,0.0,,0.0,0.0,0.0,0.0,0.0099640539999999,0.0107616993987975
2023-03-26 16:40:31,180,3650,180,3,-70.125,-7.84375,-83.125,-19.6875,-84.625,-16.71875,-86.14983333333333,-11.826833333333331,-89.23833333333334,-15.80066666666667,0.0,0.0,0.0,0.0,0.0,0,0,0.0,0.0,0.0,0.0,0,0,0,0.0,0.0,0.0,0,0.0,0.0,0,0,0.0,,0.0,0.0,0.0,0.0,0.009427756,0.0107145239999999
2023-03-26 16:40:32,180,3650,180,3,-70.125,-7.375,-83.125,-16.875,-85.5,-21.25,-86.11216666666667,-11.781166666666666,-88.26566666666668,-15.179833333333336,0.0,0.0,0.0,0.0,0.0,0,0,0.0,0.0,0.0,0.0,0,0,0,0.0,0.0,0.0,0,0.0,0.0,0,0,0.0,,0.0,0.0,0.0,0.0,0.009371442,0.0111914699999999
2023-03-26 16:40:33,180,3650,180,3,-70.1875,-7.0625,-83.125,-16.875,-85.5,-21.25,-86.51,-11.931714285714284,-88.70742857142857,-14.881714285714285,0.0,0.0,0.0,0.0,0.0,0,0,0.0,0.0,0.0,0.0,0,0,0,0.0,0.0,0.0,0,0.0,0.0,0,0,0.0,,0.0,0.0,0.0,0.0,0.0096263859999999,0.010342816
2023-03-26 16:40:34,180,3650,180,3,-70.0625,-7.5625,-81.6875,-19.375,-83.0625,-20.5,-87.07283333333334,-12.408833333333334,-88.76683333333334,-15.160166666666669,0.0,0.0,0.0,0.0,0.0,0,0,0.0,0.0,0.0,0.0,0,0,0,0.0,0.0,0.0,0,0.0,0.0,0,0,0.0,,0.0,0.0,0.0,0.0,0.010322582,0.0105934039999999
2023-03-26 16:40:35,180,3650,180,3,-71.0,-8.0625,-81.5,-19.4375,-82.4375,-20.375,-88.50766666666665,-12.580666666666668,-89.78249999999998,-14.565000000000005,0.0,0.0,0.0,0.0,0.0,0,0,0.0,0.0,0.0,0.0,0,0,0,0.0,0.0,0.0,0,0.0,0.0,0,0,0.0,,0.0,0.0,0.0,0.0,0.0092441439999999,0.01068988
2023-03-26 16:40:36,180,3650,180,3,-71.25,-7.875,-84.6875,-19.4375,-89.75,-19.4375,-89.02750000000002,-12.9065,-90.159,-14.854166666666666,0.0,0.0,0.0,0.0,0.0,0,0,0.0,0.0,0.0,0.0,0,0,0,0.0,0.0,0.0,0,0.0,0.0,0,0,0.0,,0.0,0.0,0.0,0.0,0.009751434,0.0101407199999999
2023-03-26 16:40:37,180,3650,180,3,-69.875,-8.0625,-83.25,-20.625,-87.1875,-24.5625,-91.84714285714288,-13.316857142857142,-92.79585714285714,-14.369428571428571,0.0,0.0,0.0,0.0,0.0,0,0,0.0,0.0,0.0,0.0,0,0,0,0.0,0.0,0.0,0,0.0,0.0,0,0,0.0,,0.0,0.0,0.0,0.0,0.0096979799999999,0.009561792
2023-03-26 16:40:38,180,3650,180,3,-72.75,-7.3125,-83.71875,-15.28125,-88.21875,-20.3125,-94.39583333333331,-14.117166666666668,-94.992,-14.686166666666663,0.0,0.0,0.0,0.0,0.0,0,0,0.0,0.0,0.0,0.0,0,0,0,0.0,0.0,0.0,0,0.0,0.0,0,0,0.0,,0.0,0.0,0.0,0.0,0.0098787,0.0094430239999999
2023-03-26 16:40:39,180,3650,180,0,-72.75,-7.3125,0.0,0.0,0.0,0.0,-92.1135,-13.199166666666668,-95.62883333333332,-16.571666666666665,-96.20125,-15.7655,0.0,0.0,0.0,0,0,0.0,0.0,0.0,0.0,0,0,0,0.0,0.0,0.0,0,0.0,0.0,0,0,0.0,,0.0,0.0,0.0,0.0,0.009337246,0.009338984
2023-03-26 16:40:40,180,3650,180,3,-73.5,-7.3125,-82.0625,-16.5625,-87.0625,-21.625,-91.94116666666667,-12.879,-96.35533333333336,-17.59116666666667,-97.3215,-17.558666666666667,0.0,0.0,0.0,0,0,0.0,0.0,0.0,0.0,0,0,0,0.0,0.0,0.0,0,0.0,0.0,0,0,0.0,,0.0,0.0,0.0,0.0,0.0098182,0.009888024
2023-03-26 16:40:41,180,3650,180,3,-73.8125,-7.8125,-82.4375,-14.5,-88.8125,-21.75,-91.98657142857142,-12.974285714285712,-95.27114285714283,-16.02542857142857,-98.42975,-18.03125,0.0,0.0,0.0,0,0,0.0,0.0,0.0,0.0,0,0,0,0.0,0.0,0.0,0,0.0,0.0,0,0,0.0,,0.0,0.0,0.0,0.0,0.0102853979999999,0.009730152
2023-03-26 16:40:42,180,3650,180,3,-74.125,-7.8125,-85.8125,-19.0625,-89.4375,-18.40625,-93.95083333333332,-14.802166666666666,-92.47916666666669,-14.150999999999998,-100.406,-19.5,0.0,0.0,0.0,0,0,0.0,0.0,0.0,0.0,0,0,0,0.0,0.0,0.0,0,0.0,0.0,0,0,0.0,,0.0,0.0,0.0,0.0,0.0102916279999999,0.00979113
2023-03-26 16:40:43,180,3650,180,3,-69.875,-7.8125,-82.5625,-20.3125,-84.8125,-19.3125,-94.9155,-14.421833333333334,-94.80583333333333,-14.509166666666664,-99.4766,-19.3062,0.0,0.0,0.0,0,0,0.0,0.0,0.0,0.0,0,0,0,0.0,0.0,0.0,0,0.0,0.0,0,0,0.0,,0.0,0.0,0.0,0.0,0.0100771199999999,0.0110321399999999
2023-03-26 16:40:44,180,3650,180,0,-69.875,-7.8125,0.0,0.0,0.0,0.0,-95.134,-14.451833333333331,-97.0,-15.0,-97.00783333333334,-15.406333333333334,0.0,0.0,0.0,0,0,0.0,0.0,0.0,0.0,0,0,0,0.0,0.0,0.0,0,0.0,0.0,0,0,0.0,,0.0,0.0,0.0,0.0,0.010300606,0.009546922
2023-03-26 16:40:45,180,3650,180,3,-70.41666666666667,-7.416666666666667,-83.0,-20.041666666666668,-84.85416666666667,-19.5,-96.94528571428572,-15.755714285714287,-96.356,-15.39942857142857,-99.3188,-18.6282,0.0,0.0,0.0,0,0,0.0,0.0,0.0,0.0,0,0,0,0.0,0.0,0.0,0,0.0,0.0,0,0,0.0,,0.0,0.0,0.0,0.0,0.0098790859999999,0.0090144539999999
2023-03-26 16:40:46,180,3650,180,3,-72.6875,-7.4375,-81.625,-20.75,-82.0,-20.3125,-93.56649999999998,-13.8205,-97.27466666666668,-15.823,-101.594,-21.05966666666667,0.0,0.0,0.0,0,0,0.0,0.0,0.0,0.513837,0,0,0,0.0,0.0,0.0,0,0.0,0.0,0,0,0.0,,0.0,0.0,0.0,0.0,0.0100013039999999,0.008698688
2023-03-26 16:40:47,180,3650,180,3,-73.875,-7.6875,-89.0,-19.0625,-90.125,-22.875,-94.41666666666669,-13.534,-96.27333333333335,-15.431000000000004,-103.74216666666666,-20.8125,0.0,0.0,0.0,0,0,0.0,0.0,0.0,0.0,0,0,0,0.0,0.0,0.0,0,0.0,0.0,0,0,0.0,,0.0,0.0,0.0,0.0,0.0097361819999999,0.008985852
2023-03-26 16:40:48,180,3650,180,0,-73.875,-7.6875,0.0,0.0,0.0,0.0,-93.81649999999998,-13.325666666666669,-96.4585,-15.623833333333335,-104.62233333333332,-22.171666666666667,0.0,0.0,0.0,0,0,0.0,0.0,0.0,0.0,0,0,0,0.0,0.0,0.0,0,0.0,0.0,0,0,0.0,,0.0,0.0,0.0,0.0,0.009689016,0.008801636
2023-03-26 16:40:49,180,3650,180,3,-77.20833333333333,-7.9375,-89.125,-16.0,-90.875,-22.875,-93.1362857142857,-13.743142857142857,-93.08928571428574,-14.035857142857145,0.0,0.0,0.0,0.0,0.0,0,0,0.0,0.0,0.0,0.0,0,0,0,0.0,0.0,0.0,0,0.0,0.0,0,0,0.0,,0.0,0.0,0.0,0.0,0.0101992779999999,0.0093074959999999
2023-03-26 16:40:50,180,3650,180,0,-76.515625,-7.3125,0.0,0.0,0.0,0.0,-91.75916666666669,-13.574166666666663,-91.16533333333332,-13.381333333333332,0.0,0.0,0.0,0.0,0.0,0,0,0.0,0.0,0.0,0.0,0,0,0,0.0,0.0,0.0,0,0.0,0.0,0,0,0.0,,0.0,0.0,0.0,0.0,0.010381438,0.0092997779999999
2023-03-26 16:40:51,180,3650,180,0,-80.05208333333333,-7.354166666666667,0.0,0.0,0.0,0.0,-91.59883333333336,-13.279833333333334,-92.63516666666668,-14.204333333333333,0.0,0.0,0.0,0.0,0.0,0,0,0.0,0.0,0.0,0.0,0,0,0,0.0,0.0,0.0,0,0.0,0.0,0,0,0.0,,0.0,0.0,0.0,0.0,0.010780028,0.011284408
2023-03-26 16:40:52,180,3650,180,0,-81.29166666666667,-7.5625,0.0,0.0,0.0,0.0,-93.37366666666668,-14.614666666666666,-90.05449999999998,-12.712333333333332,0.0,0.0,0.0,0.0,0.0,0,0,0.0,0.0,0.0,0.0,0,0,0,0.0,0.0,0.0,0,0.0,0.0,0,0,0.0,,0.0,0.0,0.0,0.0,0.0102804019999999,0.011358934
2023-03-26 16:40:53,180,3650,180,0,-78.90625,-7.84375,0.0,0.0,0.0,0.0,-94.789,-15.813571428571429,-89.769,-12.16957142857143,0.0,0.0,0.0,0.0,0.0,0,0,0.0,0.0,0.0,0.0,0,0,0,0.0,0.0,0.0,0,0.0,0.0,0,0,0.0,,0.0,0.0,0.0,0.0,0.0104795019999999,0.0106451259999999
2023-03-26 16:40:54,180,3650,73,4,-78.88392857142857,-9.125,-83.9375,-15.21875,-84.375,-17.1875,-85.75249999999998,-12.374833333333331,-85.898,-11.688,-93.5188,-17.7782,0.0,0.0,0.0,0,0,0.227075,0.0,0.0,0.0,0,0,0,0.0,0.0,0.0,0,0.272713,0.0,0,0,0.0,,0.0,0.0,0.0,0.0,0.0097470759999999,0.010872074
2023-03-26 16:40:55,180,3650,73,0,-78.88392857142857,-9.125,0.0,0.0,0.0,0.0,-73.6405,-10.770833333333334,-128.49883333333335,-29.479166666666668,0.0,0.0,0.0,0.0,0.0,0,0,0.0,0.0,0.0,0.0,0,0,0,0.0,0.0,0.0,0,0.0,0.0,0,0,0.0,,0.0,0.0,0.0,0.0,0.010626228,0.013517694
2023-03-26 16:40:56,180,3650,73,4,-75.625,-9.625,-86.4375,-18.875,-87.375,-19.0625,-66.53766666666667,-10.594,-139.97916666666666,-38.67183333333333,0.0,0.0,0.0,0.0,0.0,0,0,0.0,0.0,0.0,0.0,0,0,0,0.0,0.0,0.0,0,0.0,0.0,0,0,0.0,,0.0,0.0,0.0,0.0,0.0102137434869739,0.0114292099999999
2023-03-26 16:40:57,180,3650,73,4,-78.0,-9.625,-84.9375,-16.375,-88.0,-17.5,-80.83571428571429,-11.063714285714283,-92.2615,-15.4845,0.0,0.0,0.0,0.0,0.0,0,0,0.0,0.0,0.0,0.0,0,0,0,0.0,0.0,0.0,0,0.0,0.0,0,0,0.0,,0.0,0.0,0.0,0.0,0.0095868639999999,0.014332254
2023-03-26 16:40:58,180,3650,73,4,-78.0625,-9.25,-83.75,-17.8125,-86.4375,-18.0,-87.02866666666667,-12.578,-89.30483333333332,-14.693833333333332,0.0,0.0,0.0,0.0,0.0,0,0,0.0,0.0,0.0,0.0,0,0,0,0.0,0.0,0.0,0,0.0,0.0,0,0,0.0,,0.0,0.0,0.0,0.0,0.0105196059999999,0.0112767259999999
2023-03-26 16:40:59,180,3650,73,4,-79.0,-12.4375,-81.3125,-20.03125,-82.125,-20.15625,-84.88799999999999,-15.994499999999997,-77.73166666666667,-15.06,-87.707,-16.808500000000002,0.0,0.0,0.0,0,0,0.987104,0.0,0.0,0.0,0,0,0,0.0,0.0,0.0,0,0.0,0.0,0,0,0.0,,0.0,0.0,0.0,0.0,0.010194868,0.01095056
2023-03-26 16:41:00,180,3650,370,7,-77.15625,-12.53125,-75.3671875,-13.859375,-78.8203125,-18.46875,-74.43083333333333,-12.382833333333332,-81.4465,-18.0885,-86.73716666666665,-20.56533333333333,0.0,0.0,0.0,0,0,0.0,0.0,0.0,0.0,0,0,0,0.0,0.0,0.0,0,0.041736,0.0,0,0,0.0,,0.0,0.0,0.0,0.0,0.011491128,0.011027862
2023-03-26 16:41:01,180,3650,370,4,-73.5,-9.6875,-77.25,-16.9375,-79.1875,-19.1875,-81.69414285714286,-13.367142857142856,-87.38799999999999,-17.567666666666664,-88.9197142857143,-18.542571428571428,0.0,0.0,0.0,0,0,0.0,0.0,0.0,0.0,0,0,0,0.0,0.0,0.0,0,0.0,0.0,0,0,0.0,,0.0,0.0,0.0,0.0,0.012449336,0.0126505899999999
2023-03-26 16:41:02,180,3650,370,4,-73.875,-12.875,-78.875,-14.6875,-81.125,-18.1875,-77.64699999999999,-12.6825,-87.5625,-19.7355,-96.57800000000002,-21.66933333333333,0.0,0.0,0.0,0,0,0.0,0.0,0.0,0.0,0,0,0,0.0,0.0,0.0,0,0.0,0.0,0,0,0.0,,0.0,0.0,0.0,0.0,0.010490568,0.008793648
2023-03-26 16:41:03,180,3650,370,4,-72.375,-11.3125,-77.5,-15.5625,-78.125,-18.5625,-77.93216666666666,-13.080666666666666,-82.4108,-17.2284,-88.219,-18.7385,0.0,0.0,0.0,0,0,0.0,0.0,0.0,0.0,0,0,0,0.0,0.0,0.0,0,0.0,0.0,0,0,0.0,,0.0,0.0,0.0,0.0,0.0099926779999999,0.007657924
2023-03-26 16:41:04,180,3650,370,0,-72.375,-11.3125,0.0,0.0,0.0,0.0,-78.82166666666666,-15.855499999999996,-75.39966666666666,-14.3775,-78.40350000000001,-16.13933333333333,0.0,0.0,0.0,0,0,0.0,0.0,0.0,0.0,0,0,0,0.0,0.0,0.0,0,0.0,0.0,0,0,0.0,,0.0,0.0,0.0,0.0,0.0107931119999999,0.0077466979999999
2023-03-26 16:41:05,180,3650,370,4,-73.1875,-11.6875,-71.5,-13.25,-77.3125,-16.125,-78.8047142857143,-15.672,-78.51228571428571,-15.692000000000002,-79.45428571428572,-15.853714285714286,0.0,0.0,0.0,0,0,0.0,0.0,0.0,0.0,0,0,0,0.0,0.0,0.0,0,0.0,0.0,0,0,0.0,,0.0,0.0,0.0,0.0,0.010599322,0.008466668
2023-03-26 16:41:06,180,3650,370,4,-71.5,-11.125,-75.1875,-15.125,-76.5,-16.6875,-80.76183333333334,-17.116000000000003,-78.80733333333333,-15.203,-80.07933333333334,-15.062666666666663,0.0,0.0,0.0,0,0,0.0,0.0,0.0,0.0,0,0,0,0.0,0.0,0.0,0,0.0,0.0,0,0,0.0,,0.0,0.0,0.0,0.0,0.01063285,0.0084533459999999
2023-03-26 16:41:07,180,3650,362,4,-69.72916666666667,-9.5625,-76.1875,-15.104166666666666,-77.89583333333333,-18.541666666666668,-76.89742857142858,-14.857142857142858,-72.3065,-12.8635,-78.63799999999999,-16.648333333333333,0.0,0.0,0.0,0,0,0.587081,0.0,0.0,0.0,0,0,0,0.0,0.0,0.0,0,0.625637,0.0,0,0,0.0,,0.0,0.0,0.0,0.0,0.0106446799999999,0.00717652
2023-03-26 16:41:08,180,3650,362,0,-69.72916666666667,-9.5625,0.0,0.0,0.0,0.0,-69.67466666666668,-11.359333333333332,-94.89583333333331,-21.203,0.0,0.0,0.0,0.0,0.0,0,0,0.0,0.0,0.0,0.0,0,0,0,0.0,0.0,0.0,0,0.0,0.0,0,0,0.0,,0.0,0.0,0.0,0.0,0.010783168,0.00986315
2023-03-26 16:41:09,180,3650,362,3,-69.25,-9.0625,-68.0625,-11.6875,-76.0625,-19.0,-65.6185,-10.729166666666666,-122.6185,-31.15883333333333,0.0,0.0,0.0,0.0,0.0,0,0,0.0,0.0,0.0,0.0,0,0,0,0.0,0.0,0.0,0,0.0,0.0,0,0,0.0,,0.0,0.0,0.0,0.0,0.009923286,0.0081351739999999
2023-03-26 16:41:10,180,3650,362,3,-68.8125,-9.75,-69.625,-14.0,-76.0,-20.625,-67.44800000000001,-10.709666666666664,-111.43883333333332,-31.260500000000004,0.0,0.0,0.0,0.0,0.0,0,0,0.0,0.0,0.0,0.0,0,0,0,0.0,0.0,0.0,0,0.0,0.0,0,0,0.0,,0.0,0.0,0.0,0.0,0.0103599659999999,0.0084025099999999
2023-03-26 16:41:11,180,3650,362,3,-69.1875,-10.125,-71.75,-13.9375,-77.9375,-20.8125,-67.48,-10.813714285714283,-104.34828571428572,-29.22442857142857,-119.78325,-28.37525,0.0,0.0,0.0,0,0,0.0,0.0,0.0,0.0,0,0,0,0.0,0.0,0.0,0,0.0,0.0,0,0,0.0,,0.0,0.0,0.0,0.0,0.009480478,0.0082545319999999
2023-03-26 16:41:12,180,3650,362,3,-69.875,-11.9375,-67.1875,-11.0,-75.5,-19.4375,-68.57050000000001,-11.407666666666666,-74.25383333333333,-16.284,-126.71866666666666,-35.05466666666666,0.0,0.0,0.0,0,0,0.0,0.0,0.0,0.0,0,0,0,0.0,0.0,0.0,0,0.0,0.0,0,0,0.0,,0.0,0.0,0.0,0.0,0.010280938,0.0085119679999999
2023-03-26 16:41:13,362,3650,362,4,-65.984375,-10.375,-67.375,-10.875,-71.9375,-13.5,-73.95066666666668,-13.487,-72.70566666666667,-13.782333333333334,0.0,0.0,0.0,0.0,0.085465,0,0,0.0,0.0,0.0,0.264294,0,0,0,0.149391,0.0,0.0,0,0.0,0.0,0,0,0.149391,,0.0,0.0,0.0,0.0,0.009350778,0.0088157114228456
2023-03-26 16:41:14,362,3650,362,2,-68.125,-8.1875,-70.875,-11.8125,-87.0625,-24.0625,-68.73214285714286,-11.935285714285715,-87.15757142857142,-18.62742857142857,0.0,0.0,0.0,0.0,0.0,0,0,0.0,0.0,0.0,0.0,0,0,0,0.0,0.0,0.0,0,0.0,0.0,0,0,0.0,,0.0,0.002,0.0,0.0,0.013676578,0.0126170561122244
2023-03-26 16:41:15,362,3650,362,2,-67.875,-8.9375,-71.0625,-12.375,-81.625,-22.125,-65.96616666666667,-10.720166666666666,-96.79433333333334,-22.3385,0.0,0.0,0.0,0.0,0.0,0,0,0.0,0.0,0.0,0.0,0,0,0,0.0,0.0,0.0,0,0.0,0.0,0,0,0.0,,0.0,0.0,0.0,0.0,0.0093981979999999,0.008102382
2023-03-26 16:41:16,362,3650,362,0,-67.875,-8.9375,0.0,0.0,0.0,0.0,-68.07683333333334,-10.7345,-80.383,-19.3905,-132.801,-32.3285,0.0,0.0,0.0,0,0,0.0,0.0,0.0,0.0,0,0,0,0.0,0.0,0.0,0,0.0,0.0,0,0,0.0,,0.0,0.0,0.0,0.0,0.009727656,0.0074208699999999
2023-03-26 16:41:17,362,3650,362,2,-64.25,-8.0,-73.625,-15.4375,-77.75,-21.8125,-68.79333333333334,-10.9035,-83.289,-20.336,-97.66516666666666,-22.694166666666664,0.0,0.0,0.0,0,0,0.0,0.0,0.0,0.0,0,0,0,0.0,0.0,0.0,0,0.0,0.0,0,0,0.0,,0.0,0.0,0.0,0.0,0.00953359,0.0073655419999999
2023-03-26 16:41:18,362,3650,362,2,-61.0,-7.125,-71.8125,-18.5625,-74.6875,-22.0625,-69.97785714285713,-10.891714285714285,-104.18542857142856,-25.51442857142857,-118.367,-32.69266666666667,0.0,0.0,0.0,0,0,0.0,0.0,0.0,0.0,0,0,0,0.0,0.0,0.0,0,0.0,0.0,0,0,0.0,,0.0,0.0,0.0,0.0,0.00945489,0.0081089819999999
2023-03-26 16:41:19,362,3650,362,2,-61.8125,-6.875,-72.5,-15.625,-76.25,-21.875,-71.91816666666666,-11.070166666666664,-90.92583333333334,-22.864500000000003,-126.789,-33.4745,0.0,0.0,0.0,0,0,0.0,0.0,0.0,0.0,0,0,0,0.0,0.0,0.0,0,0.0,0.0,0,0,0.0,,0.0,0.0,0.0,0.0,0.0100308359999999,0.007994004
2023-03-26 16:41:20,362,3650,362,3,-68.09375,-8.875,-69.90625,-12.1875,-79.0,-20.625,-71.23966666666666,-11.201666666666666,-87.46216666666668,-22.15483333333333,-89.53900000000002,-21.8165,0.0,0.0,0.0,0,0,0.0,0.0,0.0,0.0,0,0,0,0.0,0.0,0.0,0,0.0,0.0,0,0,0.0,,0.0,0.0,0.0,0.0,0.0101227199999999,0.008345224
2023-03-26 16:41:21,362,3650,362,0,-68.09375,-8.875,0.0,0.0,0.0,0.0,-72.22933333333332,-11.188833333333331,-97.56233333333334,-24.66016666666667,-112.3685,-27.72383333333333,0.0,0.0,0.0,0,0,0.0,0.0,0.0,0.0,0,0,0,0.0,0.0,0.0,0,0.0,0.0,0,0,0.0,,0.0,0.0,0.0,0.0,0.010039134,0.0092948819999999
2023-03-26 16:41:22,362,3650,362,2,-71.875,-10.0,-72.5,-11.375,-77.4375,-17.75,-73.846,-11.246714285714289,-90.508,-20.0,-101.24785714285714,-23.72771428571429,0.0,0.0,0.0,0,0,0.0,0.0,0.0,0.0,0,0,0,0.0,0.0,0.0,0,0.0,0.0,0,0,0.0,,0.0,0.0,0.0,0.0,0.0101093479999999,0.008739834
2023-03-26 16:41:23,362,3650,362,2,-83.5,-11.5,-86.125,-16.625,-87.375,-18.75,-82.41016666666665,-11.916666666666666,-82.5,-15.0,-102.992,-27.133,0.0,0.0,0.0,0,0,0.0,0.0,0.0,0.0,0,0,0,0.0,0.0,0.0,0,0.0,0.0,0,0,0.0,,0.0,0.0,0.0,0.0,0.010088296,0.0084679199999999
2023-03-26 16:41:24,362,3650,362,4,-77.96875,-10.8125,-82.90625,-14.3125,-85.625,-17.84375,-85.819,-12.278666666666668,-91.5376,-18.797000000000004,-93.14333333333332,-18.04433333333333,0.0,0.0,0.0,0,0,0.0,0.0,0.0,0.0,0,0,0,0.0,0.0,0.0,0,0.0,0.0,0,0,0.0,,0.0,0.0,0.0,0.0,0.010110138,0.010870986
2023-03-26 16:41:25,362,3650,362,5,-70.0,-9.1875,-79.8125,-19.125,-80.75,-16.875,-80.6875,-13.114666666666666,-83.14075,-14.97275,-86.10416666666667,-17.904833333333332,0.0,0.0,0.0,0,0,0.0,0.0,0.0,0.0,0,0,0,0.0,0.0,0.0,0,0.0,0.0,0,0,0.0,,0.0,0.0,0.0,0.0,0.00970686,0.009334462
2023-03-26 16:41:26,362,3650,362,6,-71.0625,-8.25,-78.5,-17.3125,-78.9375,-17.0,-75.33685714285716,-12.051285714285711,-84.10385714285714,-18.56342857142857,-84.7345,-16.558500000000002,0.0,0.0,0.0,0,0,0.0,0.0,0.0,0.0,0,0,0,0.0,0.0,0.0,0,0.0,0.0,0,0,0.0,,0.0,0.0,0.0,0.0,0.009896824,0.0094013899999999
2023-03-26 16:41:27,362,3650,362,6,-71.5,-8.0625,-79.1875,-16.8125,-79.25,-16.8125,-78.03016666666666,-12.0455,-91.65,-19.2642,-98.695,-22.843666666666667,0.0,0.0,0.0,0,0,0.0,0.0,0.0,0.0,0,0,0,0.0,0.0,0.0,0,0.0,0.0,0,0,0.0,,0.0,0.0,0.0,0.0,0.01019951,0.008757804
2023-03-26 16:41:28,362,3650,362,6,-72.5625,-9.1875,-78.5,-13.3125,-79.5625,-15.8125,-77.64716666666668,-12.6575,-83.2645,-17.155166666666666,-85.65366666666665,-16.5575,0.0,0.0,0.0,0,0,0.0,0.0,0.0,0.0,0,0,0,0.0,0.0,0.0,0,0.0,0.0,0,0,0.0,,0.0,0.0,0.0,0.0,0.010615286,0.0078873859999999
2023-03-26 16:41:29,362,3650,362,7,-71.9375,-9.0625,-79.1875,-18.0625,-79.375,-13.6875,-76.91516666666666,-12.277333333333331,-83.82683333333334,-15.093666666666666,-85.68483333333332,-18.916666666666668,0.0,0.0,0.0,0,0,0.0,0.0,0.0,0.0,0,0,0,0.0,0.0,0.0,0,0.0,0.0,0,0,0.0,,0.0,0.0,0.0,0.0,0.0106096819999999,0.0079886259999999
2023-03-26 16:41:30,362,3650,362,0,-71.9375,-9.0625,0.0,0.0,0.0,0.0,-78.32485714285713,-12.098285714285712,-92.1314,-20.1452,-95.65742857142855,-20.56257142857143,0.0,0.0,0.0,0,0,0.0,0.0,0.0,0.0,0,0,0,0.0,0.0,0.0,0,0.0,0.0,0,0,0.0,,0.0,0.0,0.0,0.0,0.0106797659999999,0.0086818859999999
2023-03-26 16:41:31,362,3650,362,7,-68.625,-7.5,-77.8125,-15.0,-80.4375,-19.0,-81.41283333333332,-13.463666666666668,-85.58733333333333,-17.056166666666666,-85.705,-16.990250000000003,0.0,0.0,0.0,0,0,0.0,0.0,0.0,0.0,0,0,0,0.0,0.0,0.0,0,0.0,0.0,0,0,0.0,,0.0,0.0,0.0,0.0,0.0105307099999999,0.008991944
2023-03-26 16:41:32,362,3650,362,7,-73.03125,-8.78125,-75.84375,-12.03125,-83.5,-19.28125,-86.54166666666667,-15.948166666666664,-85.56133333333332,-15.423166666666669,-86.1156,-16.4236,0.0,0.0,0.0,0,0,0.0,0.0,0.0,0.0,0,0,0,0.0,0.0,0.0,0,0.0,0.0,0,0,0.0,,0.0,0.0,0.0,0.0,0.009376754,0.010040038
2023-03-26 16:41:33,362,3650,362,7,-74.1875,-9.1875,-71.0,-9.5,-79.9375,-16.6875,-84.58466666666666,-15.943833333333332,-85.87674999999999,-16.58575,-86.0665,-16.105500000000003,0.0,0.0,0.0,0,0,0.0,0.0,0.0,0.0,0,0,0,0.0,0.0,0.0,0,0.0,0.0,0,0,0.0,,0.0,0.0,0.0,0.0,0.011437568,0.00773097
2023-03-26 16:41:34,174,3650,362,8,-72.84375,-9.625,-72.1875,-9.625,-74.20833333333333,-10.625,-86.33042857142857,-16.206285714285716,-85.6578,-16.413999999999998,-85.96233333333333,-16.3295,0.0,0.0,0.023239,0,0,0.0,0.0,0.0,0.234282,0,0,0,0.084317,0.0,0.0,0,0.0,0.0,0,0,0.084317,,0.0,0.0,0.0,0.0,0.0099212599999999,0.00728274
2023-03-26 16:41:35,174,3650,362,4,-73.125,-9.625,-77.9375,-13.125,-81.25,-15.5,-80.73450000000001,-14.328166666666668,-82.0925,-15.524833333333332,-85.90233333333333,-17.647166666666667,0.0,0.0,0.0,0,0,0.0,0.0,0.0,0.0,0,0,0,0.0,0.0,0.0,0,0.0,0.0,0,0,0.0,,0.0,0.002,0.01,0.0,0.016187988,0.0109964248496994
2023-03-26 16:41:36,174,3650,362,4,-74.625,-9.375,-81.4375,-15.625,-82.6875,-18.375,-80.37516666666666,-14.231833333333334,-83.61066666666666,-16.982,-87.48816666666666,-17.822666666666667,0.0,0.0,0.0,0,0,0.0,0.0,0.0,0.0,0,0,0,0.0,0.0,0.0,0,0.0,0.0,0,0,0.0,,0.0,0.0,0.0,0.0,0.010099958,0.0094723459999999
2023-03-26 16:41:37,174,3650,362,4,-79.84375,-11.78125,-77.53125,-12.90625,-84.46875,-18.09375,-79.02014285714287,-13.52,-84.4452857142857,-16.97442857142857,-84.451,-18.834857142857143,0.0,0.0,0.0,0,0,0.0,0.0,0.0,0.0,0,0,0,0.0,0.0,0.0,0,0.0,0.0,0,0,0.0,,0.0,0.0,0.0,0.0,0.0097043399999999,0.009993738
2023-03-26 16:41:38,362,3650,362,4,-80.15625,-13.90625,-78.0,-12.9375,-82.34375,-15.875,-80.41516666666666,-12.8945,-85.47516666666667,-17.72,-86.06633333333332,-17.537666666666667,0.0,0.0,0.811487,0,0,0.0,0.0,0.0,0.0,0,0,0,0.862612,0.0,0.0,0,0.0,0.0,0,0,0.862612,,0.0,0.0,0.0,0.0,0.009980648,0.010098596
2023-03-26 16:41:39,362,3650,362,3,-76.625,-11.09375,-84.5625,-16.9375,-84.59375,-17.09375,-76.6485,-11.921833333333334,-87.281,-19.086,-90.94133333333332,-20.0885,0.0,0.0,0.0,0,0,0.0,0.0,0.0,0.014261,0,0,0,0.0,0.0,0.0,0,0.0,0.0,0,0,0.0,,0.0,0.0,0.0,0.0,0.0099892184368737,0.0088217439999999
2023-03-26 16:41:40,362,3650,362,4,-79.5625,-11.25,-82.3125,-18.0625,-83.4375,-18.375,-79.95657142857144,-12.205428571428572,-86.03228571428569,-19.458571428571425,-86.78257142857144,-19.604857142857146,0.0,0.0,0.0,0,0,0.0,0.0,0.0,0.0,0,0,0,0.0,0.0,0.0,0,0.0,0.0,0,0,0.0,,0.0,0.002,0.0,0.0,0.014622062,0.0119674909819639
2023-03-26 16:41:41,362,3650,362,5,-80.71875,-10.125,-83.53125,-13.125,-86.6875,-14.6875,-86.61333333333334,-16.205833333333334,-81.64716666666665,-14.589833333333331,-85.33333333333333,-16.41933333333333,0.0,0.0,0.0,0,0,0.947008,0.0,0.0,0.0,0,0,0,0.0,0.0,0.0,0,0.991597,0.0,0,0,0.0,,0.0,0.0,0.0,0.0,0.0098988239999999,0.0095152599999999
2023-03-26 16:41:42,362,3650,350,5,-79.33333333333333,-10.125,-85.125,-14.75,-86.29166666666667,-19.0,-81.56714285714284,-12.710857142857142,-85.61714285714285,-16.64942857142857,-96.85033333333332,-21.97266666666667,0.0,0.0,0.0,0,0,0.0,0.0,0.0,0.0,0,0,0,0.0,0.0,0.0,0,0.0,0.0,0,0,0.0,,0.0,0.0,0.0,0.0,0.0100788119999999,0.00937534
2023-03-26 16:41:43,362,3650,350,5,-83.71875,-11.84375,-83.6875,-17.0,-84.25,-17.8125,-85.71249999999999,-15.153666666666668,-81.60799999999999,-14.283833333333334,-87.77083333333333,-18.58483333333333,0.0,0.0,0.0,0,0,0.0,0.0,0.0,0.0,0,0,0,0.0,0.0,0.0,0,0.0,0.0,0,0,0.0,,0.0,0.0,0.0,0.0,0.0124798179999999,0.0113916239999999
2023-03-26 16:41:44,362,3650,362,4,-80.640625,-11.6875,-83.640625,-16.09375,-86.9375,-18.75,-82.45833333333333,-15.3215,-77.51333333333334,-12.791666666666666,-83.314,-17.273400000000002,0.0,0.0,0.0,0,0,0.487006,0.0,0.0,0.0,0,0,0,0.0,0.0,0.0,0,0.532677,0.0,0,0,0.0,,0.0,0.0,0.0,0.0,0.0095373899999999,0.008948974
2023-03-26 16:41:45,362,3650,362,2,-80.25,-10.3125,-84.125,-19.125,-85.5625,-20.9375,-81.1355,-13.377500000000005,-86.475,-17.848599999999998,-90.13933333333333,-18.56883333333333,0.0,0.0,0.0,0,0,0.0,0.0,0.0,0.0,0,0,0,0.0,0.0,0.0,0,0.0,0.0,0,0,0.0,,0.0,0.0,0.0,0.0,0.0123975979999999,0.0110263979999999
2023-03-26 16:41:46,362,3650,362,0,-80.25,-10.3125,0.0,0.0,0.0,0.0,-82.28357142857143,-13.424000000000005,-86.84814285714285,-16.47457142857143,-88.328,-17.281,0.0,0.0,0.0,0,0,0.0,0.0,0.0,0.0,0,0,0,0.0,0.0,0.0,0,0.0,0.0,0,0,0.0,,0.0,0.0,0.0,0.0,0.010043326,0.0081245619999999
2023-03-26 16:41:47,362,3650,362,2,-80.625,-10.1875,-85.4375,-13.5625,-91.5,-20.5,-83.91033333333333,-13.187500000000002,-91.8555,-18.1395,-94.12233333333332,-20.21616666666667,0.0,0.0,0.0,0,0,0.0,0.0,0.0,0.0,0,0,0,0.0,0.0,0.0,0,0.0,0.0,0,0,0.0,,0.0,0.0,0.0,0.0,0.009656352,0.0110605999999999
2023-03-26 16:41:48,362,3650,362,2,-80.1875,-9.6875,-83.4375,-15.5625,-88.25,-20.8125,-82.37,-12.643333333333333,-89.39075,-18.0995,-103.71616666666668,-23.864833333333333,0.0,0.0,0.0,0,0,0.0,0.0,0.0,0.0,0,0,0,0.0,0.0,0.0,0,0.0,0.0,0,0,0.0,,0.0,0.0,0.0,0.0,0.00953482,0.0089333899999999
2023-03-26 16:41:49,362,3650,362,2,-82.3125,-9.8125,-82.125,-11.0,-92.0,-20.0625,-83.84383333333334,-12.522,-93.3905,-16.4025,-93.812,-18.594,0.0,0.0,0.0,0,0,0.0,0.0,0.0,0.0,0,0,0,0.0,0.0,0.0,0,0.0,0.0,0,0,0.0,,0.0,0.0,0.0,0.0,0.009513622,0.0082167839999999
2023-03-26 16:41:50,362,3650,362,2,-84.125,-11.125,-83.4375,-14.1875,-89.625,-19.5625,-86.30342857142855,-12.931,-91.36042857142856,-17.21871428571428,-102.758,-24.18,0.0,0.0,0.0,0,0,0.0,0.0,0.0,0.0,0,0,0,0.0,0.0,0.0,0,0.0,0.0,0,0,0.0,,0.0,0.0,0.0,0.0,0.0097022579999999,0.0072715499999999
2023-03-26 16:41:51,362,3650,362,2,-85.5,-11.15625,-92.96875,-17.71875,-93.875,-16.53125,-87.7305,-13.4885,-94.34766666666668,-17.444,0.0,0.0,0.0,0.0,0.0,0,0,0.0,0.0,0.0,0.0,0,0,0,0.0,0.0,0.0,0,0.0,0.0,0,0,0.0,,0.0,0.0,0.0,0.0,0.0097503679999999,0.0077154979999999
2023-03-26 16:41:52,362,3650,362,2,-85.96875,-11.15625,-89.15625,-14.84375,-89.75,-15.09375,-87.69816666666667,-13.1445,-94.1312,-17.387600000000003,-94.1734,-18.4236,0.0,0.0,0.0,0,0,0.0,0.0,0.0,0.0,0,0,0,0.0,0.0,0.0,0,0.0,0.0,0,0,0.0,,0.0,0.0,0.0,0.0,0.009696354,0.007247124
